subject,session,level,completed,game_over,n_frames,duration_s,max_x,score,final_lives,bk2,error
sub-01,ses-001,Level1-1,True,False,4174,69.56666666666666,3161,80,0,sub-01_ses-001_task-mario_level-w1l1_rep-000.bk2,
sub-01,ses-001,Level1-1,False,True,2454,40.9,2022,20,-1,sub-01_ses-001_task-mario_level-w1l1_rep-001.bk2,
sub-01,ses-001,Level1-1,False,True,2225,37.083333333333336,1960,30,-1,sub-01_ses-001_task-mario_level-w1l1_rep-002.bk2,
sub-01,ses-001,Level1-1,False,False,2436,40.6,2761,60,1,sub-01_ses-001_task-mario_level-w1l1_rep-003.bk2,
sub-01,ses-001,Level1-1,False,True,2943,49.05,1803,270,-1,sub-01_ses-001_task-mario_level-w1l1_rep-004.bk2,
sub-01,ses-001,Level1-1,False,False,2625,43.75,1559,60,0,sub-01_ses-001_task-mario_level-w1l1_rep-005.bk2,
sub-01,ses-001,Level1-1,False,False,3529,58.81666666666667,2757,80,0,sub-01_ses-001_task-mario_level-w1l1_rep-006.bk2,
sub-01,ses-001,Level1-1,True,False,1773,29.55,3161,90,2,sub-01_ses-001_task-mario_level-w1l1_rep-007.bk2,
sub-01,ses-001,Level1-1,False,False,3306,55.1,2979,325,2,sub-01_ses-001_task-mario_level-w1l1_rep-008.bk2,
sub-01,ses-001,Level1-1,False,False,2508,41.8,1790,120,0,sub-01_ses-001_task-mario_level-w1l1_rep-009.bk2,
sub-01,ses-001,Level1-1,False,False,2541,42.35,2130,70,1,sub-01_ses-001_task-mario_level-w1l1_rep-010.bk2,
sub-01,ses-007,Level1-1,False,True,2178,36.3,1559,50,-1,sub-01_ses-007_task-mario_level-w1l1_rep-000.bk2,
sub-01,ses-007,Level1-1,False,True,3990,66.5,1538,170,-1,sub-01_ses-007_task-mario_level-w1l1_rep-001.bk2,
sub-01,ses-007,Level1-1,False,True,2701,45.016666666666666,1563,50,-1,sub-01_ses-007_task-mario_level-w1l1_rep-002.bk2,
sub-01,ses-008,Level1-1,True,False,4500,75.0,3161,130,0,sub-01_ses-008_task-mario_level-w1l1_rep-000.bk2,
sub-01,ses-008,Level1-1,True,False,3173,52.88333333333333,3161,20,1,sub-01_ses-008_task-mario_level-w1l1_rep-001.bk2,
sub-01,ses-009,Level1-1,False,False,2583,43.05,864,20,0,sub-01_ses-009_task-mario_level-w1l1_rep-000.bk2,
sub-01,ses-010,Level1-1,False,True,2386,39.766666666666666,1875,20,-1,sub-01_ses-010_task-mario_level-w1l1_rep-000.bk2,
sub-01,ses-010,Level1-1,False,False,3297,54.95,3154,0,1,sub-01_ses-010_task-mario_level-w1l1_rep-001.bk2,
sub-01,ses-011,Level1-1,False,True,2566,42.766666666666666,1948,110,-1,sub-01_ses-011_task-mario_level-w1l1_rep-000.bk2,
sub-01,ses-011,Level1-1,False,False,2205,36.75,2584,10,1,sub-01_ses-011_task-mario_level-w1l1_rep-001.bk2,
sub-01,ses-012,Level1-1,False,False,3381,56.35,2602,60,1,sub-01_ses-012_task-mario_level-w1l1_rep-000.bk2,
sub-01,ses-013,Level1-1,False,False,2268,37.8,2020,20,0,sub-01_ses-013_task-mario_level-w1l1_rep-000.bk2,
sub-01,ses-014,Level1-1,True,False,1855,30.916666666666668,3161,30,2,sub-01_ses-014_task-mario_level-w1l1_rep-000.bk2,
sub-01,ses-014,Level1-1,False,False,2331,38.85,700,0,0,sub-01_ses-014_task-mario_level-w1l1_rep-001.bk2,
sub-01,ses-014,Level1-1,False,False,2247,37.45,724,10,0,sub-01_ses-014_task-mario_level-w1l1_rep-002.bk2,
sub-01,ses-015,Level1-1,True,False,1889,31.483333333333334,3161,10,2,sub-01_ses-015_task-mario_level-w1l1_rep-000.bk2,
sub-01,ses-016,Level1-1,False,False,2478,41.3,2588,80,1,sub-01_ses-016_task-mario_level-w1l1_rep-000.bk2,
sub-01,ses-016,Level1-1,True,False,1943,32.38333333333333,3161,0,2,sub-01_ses-016_task-mario_level-w1l1_rep-001.bk2,
sub-01,ses-017,Level1-1,True,False,1614,26.9,3161,0,2,sub-01_ses-017_task-mario_level-w1l1_rep-000.bk2,
sub-01,ses-017,Level1-1,True,False,1842,30.7,3161,10,2,sub-01_ses-017_task-mario_level-w1l1_rep-001.bk2,
sub-01,ses-018,Level1-1,True,False,2102,35.03333333333333,3161,30,2,sub-01_ses-018_task-mario_level-w1l1_rep-000.bk2,
sub-01,ses-018,Level1-1,True,False,3026,50.43333333333333,3161,40,0,sub-01_ses-018_task-mario_level-w1l1_rep-001.bk2,
sub-01,ses-020,Level1-1,True,False,3389,56.483333333333334,3161,10,1,sub-01_ses-020_task-mario_level-w1l1_rep-000.bk2,
sub-01,ses-020,Level1-1,False,False,2436,40.6,1630,10,0,sub-01_ses-020_task-mario_level-w1l1_rep-001.bk2,
sub-01,ses-021,Level1-1,False,False,2667,44.45,1929,40,0,sub-01_ses-021_task-mario_level-w1l1_rep-000.bk2,
sub-01,ses-021,Level1-1,True,False,1873,31.216666666666665,3161,10,2,sub-01_ses-021_task-mario_level-w1l1_rep-001.bk2,
sub-02,ses-001,Level1-1,True,False,4501,75.01666666666667,3161,130,1,sub-02_ses-001_task-mario_level-w1l1_rep-000.bk2,
sub-02,ses-001,Level1-1,False,False,3357,55.95,1227,20,0,sub-02_ses-001_task-mario_level-w1l1_rep-001.bk2,
sub-02,ses-001,Level1-1,True,False,2873,47.88333333333333,3161,130,2,sub-02_ses-001_task-mario_level-w1l1_rep-002.bk2,
sub-02,ses-001,Level1-1,True,False,2476,41.266666666666666,3161,0,2,sub-02_ses-001_task-mario_level-w1l1_rep-003.bk2,
sub-02,ses-001,Level1-1,True,False,3810,63.5,3161,50,1,sub-02_ses-001_task-mario_level-w1l1_rep-004.bk2,
sub-02,ses-001,Level1-1,True,False,2694,44.9,3161,30,2,sub-02_ses-001_task-mario_level-w1l1_rep-005.bk2,
sub-02,ses-001,Level1-1,True,False,3923,65.38333333333334,3161,20,1,sub-02_ses-001_task-mario_level-w1l1_rep-006.bk2,
sub-02,ses-007,Level1-1,False,True,2369,39.483333333333334,2024,70,-1,sub-02_ses-007_task-mario_level-w1l1_rep-000.bk2,
sub-02,ses-008,Level1-1,False,False,3608,60.13333333333333,2592,180,1,sub-02_ses-008_task-mario_level-w1l1_rep-000.bk2,
sub-02,ses-008,Level1-1,False,True,3597,59.95,2587,30,-1,sub-02_ses-008_task-mario_level-w1l1_rep-001.bk2,
sub-02,ses-009,Level1-1,True,False,3101,51.68333333333333,3161,160,2,sub-02_ses-009_task-mario_level-w1l1_rep-000.bk2,
sub-02,ses-010,Level1-1,True,False,2604,43.4,3161,0,2,sub-02_ses-010_task-mario_level-w1l1_rep-000.bk2,
sub-02,ses-011,Level1-1,False,True,1801,30.016666666666666,672,30,-1,sub-02_ses-011_task-mario_level-w1l1_rep-000.bk2,
sub-02,ses-011,Level1-1,False,False,2936,48.93333333333333,1056,80,1,sub-02_ses-011_task-mario_level-w1l1_rep-001.bk2,
sub-02,ses-012,Level1-1,False,True,2000,33.333333333333336,1563,30,-1,sub-02_ses-012_task-mario_level-w1l1_rep-000.bk2,
sub-02,ses-013,Level1-1,True,False,3529,58.81666666666667,3161,615,2,sub-02_ses-013_task-mario_level-w1l1_rep-000.bk2,
sub-02,ses-013,Level1-1,False,False,4986,83.1,1997,380,0,sub-02_ses-013_task-mario_level-w1l1_rep-001.bk2,
sub-02,ses-014,Level1-1,False,True,4019,66.98333333333333,1564,310,-1,sub-02_ses-014_task-mario_level-w1l1_rep-000.bk2,
sub-02,ses-015,Level1-1,False,False,6002,100.03333333333333,2593,580,1,sub-02_ses-015_task-mario_level-w1l1_rep-000.bk2,
sub-02,ses-015,Level1-1,False,False,4217,70.28333333333333,1785,180,0,sub-02_ses-015_task-mario_level-w1l1_rep-001.bk2,
sub-02,ses-016,Level1-1,True,False,4854,80.9,3161,660,2,sub-02_ses-016_task-mario_level-w1l1_rep-000.bk2,
sub-02,ses-017,Level1-1,False,True,3782,63.03333333333333,1555,20,-1,sub-02_ses-017_task-mario_level-w1l1_rep-000.bk2,
sub-02,ses-018,Level1-1,False,True,3856,64.26666666666667,1267,50,-1,sub-02_ses-018_task-mario_level-w1l1_rep-000.bk2,
sub-02,ses-019,Level1-1,True,False,3753,62.55,3161,480,2,sub-02_ses-019_task-mario_level-w1l1_rep-000.bk2,
sub-02,ses-019,Level1-1,False,False,5666,94.43333333333334,2714,495,0,sub-02_ses-019_task-mario_level-w1l1_rep-001.bk2,
sub-02,ses-020,Level1-1,False,False,5309,88.48333333333333,2594,385,1,sub-02_ses-020_task-mario_level-w1l1_rep-000.bk2,
sub-02,ses-021,Level1-1,True,False,4419,73.65,3161,545,2,sub-02_ses-021_task-mario_level-w1l1_rep-001.bk2,
sub-02,ses-022,Level1-1,False,False,4301,71.68333333333334,3156,490,2,sub-02_ses-022_task-mario_level-w1l1_rep-000.bk2,
sub-02,ses-023,Level1-1,False,False,5120,85.33333333333333,2587,515,1,sub-02_ses-023_task-mario_level-w1l1_rep-000.bk2,
sub-03,ses-001,Level1-1,True,False,6176,102.93333333333334,3161,425,2,sub-03_ses-001_task-mario_level-w1l1_rep-000.bk2,
sub-03,ses-001,Level1-1,False,True,4228,70.46666666666667,1738,315,-1,sub-03_ses-001_task-mario_level-w1l1_rep-001.bk2,
sub-03,ses-001,Level1-1,False,True,5337,88.95,1656,245,-1,sub-03_ses-001_task-mario_level-w1l1_rep-002.bk2,
sub-03,ses-001,Level1-1,False,True,4289,71.48333333333333,1265,150,-1,sub-03_ses-001_task-mario_level-w1l1_rep-003.bk2,
sub-03,ses-001,Level1-1,True,False,4709,78.48333333333333,3161,565,1,sub-03_ses-001_task-mario_level-w1l1_rep-004.bk2,
sub-03,ses-001,Level1-1,False,True,3529,58.81666666666667,1560,160,-1,sub-03_ses-001_task-mario_level-w1l1_rep-005.bk2,
sub-03,ses-010,Level1-1,True,False,3299,54.983333333333334,3161,510,2,sub-03_ses-010_task-mario_level-w1l1_rep-000.bk2,
sub-03,ses-013,Level1-1,True,False,2586,43.1,3161,485,2,sub-03_ses-013_task-mario_level-w1l1_rep-000.bk2,
sub-03,ses-013,Level1-1,False,True,3460,57.666666666666664,1267,185,-1,sub-03_ses-013_task-mario_level-w1l1_rep-001.bk2,
sub-03,ses-014,Level1-1,False,False,4135,68.91666666666667,1564,170,0,sub-03_ses-014_task-mario_level-w1l1_rep-000.bk2,
sub-03,ses-015,Level1-1,True,False,3067,51.11666666666667,3161,495,2,sub-03_ses-015_task-mario_level-w1l1_rep-000.bk2,
sub-03,ses-016,Level1-1,False,True,3100,51.666666666666664,822,60,-1,sub-03_ses-016_task-mario_level-w1l1_rep-000.bk2,
sub-03,ses-018,Level1-1,True,False,4017,66.95,3161,465,2,sub-03_ses-018_task-mario_level-w1l1_rep-000.bk2,
sub-03,ses-019,Level1-1,False,False,5813,96.88333333333334,1264,270,0,sub-03_ses-019_task-mario_level-w1l1_rep-000.bk2,
sub-03,ses-019,Level1-1,False,False,5372,89.53333333333333,2597,535,1,sub-03_ses-019_task-mario_level-w1l1_rep-001.bk2,
sub-03,ses-021,Level1-1,True,False,5416,90.26666666666667,3161,870,2,sub-03_ses-021_task-mario_level-w1l1_rep-000.bk2,
sub-03,ses-021,Level1-1,False,False,6002,100.03333333333333,1643,220,1,sub-03_ses-021_task-mario_level-w1l1_rep-001.bk2,
sub-03,ses-022,Level1-1,False,True,3807,63.45,1772,340,-1,sub-03_ses-022_task-mario_level-w1l1_rep-000.bk2,
sub-03,ses-024,Level1-1,True,False,3429,57.15,3161,160,2,sub-03_ses-024_task-mario_level-w1l1_rep-000.bk2,
sub-03,ses-025,Level1-1,True,False,4053,67.55,3161,625,2,sub-03_ses-025_task-mario_level-w1l1_rep-000.bk2,
sub-03,ses-025,Level1-1,False,True,3899,64.98333333333333,1563,170,-1,sub-03_ses-025_task-mario_level-w1l1_rep-001.bk2,
sub-03,ses-026,Level1-1,False,True,4478,74.63333333333334,1586,335,-1,sub-03_ses-026_task-mario_level-w1l1_rep-000.bk2,
sub-03,ses-027,Level1-1,False,False,5099,84.98333333333333,2590,595,1,sub-03_ses-027_task-mario_level-w1l1_rep-000.bk2,
sub-03,ses-028,Level1-1,True,False,4087,68.11666666666666,3161,545,2,sub-03_ses-028_task-mario_level-w1l1_rep-000.bk2,
sub-03,ses-029,Level1-1,False,False,5255,87.58333333333333,2598,430,1,sub-03_ses-029_task-mario_level-w1l1_rep-000.bk2,
sub-03,ses-029,Level1-1,True,False,3914,65.23333333333333,3161,465,2,sub-03_ses-029_task-mario_level-w1l1_rep-001.bk2,
sub-05,ses-001,Level1-1,True,False,4095,68.25,3161,540,2,sub-05_ses-001_task-mario_level-w1l1_rep-000.bk2,
sub-05,ses-001,Level1-1,False,False,4953,82.55,863,30,0,sub-05_ses-001_task-mario_level-w1l1_rep-001.bk2,
sub-05,ses-001,Level1-1,False,True,5031,83.85,1268,150,-1,sub-05_ses-001_task-mario_level-w1l1_rep-002.bk2,
sub-05,ses-001,Level1-1,False,False,4253,70.88333333333334,1276,190,0,sub-05_ses-001_task-mario_level-w1l1_rep-003.bk2,
sub-05,ses-001,Level1-1,True,False,3027,50.45,3161,580,2,sub-05_ses-001_task-mario_level-w1l1_rep-004.bk2,
sub-05,ses-001,Level1-1,False,False,3938,65.63333333333334,1238,130,2,sub-05_ses-001_task-mario_level-w1l1_rep-005.bk2,
sub-05,ses-001,Level1-1,False,False,3778,62.96666666666667,2978,510,2,sub-05_ses-001_task-mario_level-w1l1_rep-006.bk2,
sub-05,ses-001,Level1-1,False,True,6394,106.56666666666666,1842,245,-1,sub-05_ses-001_task-mario_level-w1l1_rep-007.bk2,
sub-05,ses-009,Level1-1,True,False,5010,83.5,3161,885,2,sub-05_ses-009_task-mario_level-w1l1_rep-000.bk2,
sub-05,ses-009,Level1-1,True,False,3032,50.53333333333333,3161,310,2,sub-05_ses-009_task-mario_level-w1l1_rep-001.bk2,
sub-05,ses-010,Level1-1,True,False,4652,77.53333333333333,3161,515,1,sub-05_ses-010_task-mario_level-w1l1_rep-000.bk2,
sub-05,ses-011,Level1-1,False,True,2650,44.166666666666664,1619,20,-1,sub-05_ses-011_task-mario_level-w1l1_rep-000.bk2,
sub-05,ses-011,Level1-1,False,True,3925,65.41666666666667,2589,145,-1,sub-05_ses-011_task-mario_level-w1l1_rep-001.bk2,
sub-05,ses-013,Level1-1,False,True,3417,56.95,1798,200,-1,sub-05_ses-013_task-mario_level-w1l1_rep-000.bk2,
sub-05,ses-013,Level1-1,False,True,4235,70.58333333333333,2746,180,-1,sub-05_ses-013_task-mario_level-w1l1_rep-001.bk2,
sub-05,ses-014,Level1-1,True,False,4949,82.48333333333333,3161,355,1,sub-05_ses-014_task-mario_level-w1l1_rep-000.bk2,
sub-05,ses-015,Level1-1,False,True,2858,47.63333333333333,1658,125,-1,sub-05_ses-015_task-mario_level-w1l1_rep-000.bk2,
sub-05,ses-015,Level1-1,False,True,3129,52.15,2007,140,-1,sub-05_ses-015_task-mario_level-w1l1_rep-001.bk2,
sub-05,ses-016,Level1-1,False,True,3030,50.5,1266,160,-1,sub-05_ses-016_task-mario_level-w1l1_rep-000.bk2,
sub-05,ses-016,Level1-1,True,False,2994,49.9,3161,300,2,sub-05_ses-016_task-mario_level-w1l1_rep-001.bk2,
sub-05,ses-017,Level1-1,True,False,2503,41.71666666666667,3161,20,2,sub-05_ses-017_task-mario_level-w1l1_rep-000.bk2,
sub-05,ses-018,Level1-1,False,False,3944,65.73333333333333,2592,345,0,sub-05_ses-018_task-mario_level-w1l1_rep-000.bk2,
sub-05,ses-018,Level1-1,True,False,3138,52.3,3161,205,2,sub-05_ses-018_task-mario_level-w1l1_rep-001.bk2,
sub-05,ses-019,Level1-1,False,True,3606,60.1,1631,190,-1,sub-05_ses-019_task-mario_level-w1l1_rep-000.bk2,
sub-05,ses-020,Level1-1,False,True,2860,47.666666666666664,1554,175,-1,sub-05_ses-020_task-mario_level-w1l1_rep-000.bk2,
sub-05,ses-020,Level1-1,False,True,4164,69.4,1555,225,-1,sub-05_ses-020_task-mario_level-w1l1_rep-001.bk2,
sub-05,ses-021,Level1-1,False,False,3944,65.73333333333333,2808,315,1,sub-05_ses-021_task-mario_level-w1l1_rep-000.bk2,
sub-05,ses-021,Level1-1,False,True,3150,52.5,1552,180,-1,sub-05_ses-021_task-mario_level-w1l1_rep-001.bk2,
sub-05,ses-022,Level1-1,True,False,4600,76.66666666666667,3161,805,2,sub-05_ses-022_task-mario_level-w1l1_rep-000.bk2,
sub-06,ses-001,Level1-1,True,False,6850,114.16666666666667,3161,630,2,sub-06_ses-001_task-mario_level-w1l1_rep-000.bk2,
sub-06,ses-001,Level1-1,True,False,8178,136.3,3161,905,2,sub-06_ses-001_task-mario_level-w1l1_rep-001.bk2,
sub-06,ses-001,Level1-1,False,True,4820,80.33333333333333,1128,205,-1,sub-06_ses-001_task-mario_level-w1l1_rep-002.bk2,
sub-06,ses-001,Level1-1,False,True,4430,73.83333333333333,1552,210,-1,sub-06_ses-001_task-mario_level-w1l1_rep-003.bk2,
sub-06,ses-001,Level1-1,False,False,3379,56.31666666666667,853,165,0,sub-06_ses-001_task-mario_level-w1l1_rep-004.bk2,
sub-06,ses-001,Level1-1,True,False,7099,118.31666666666666,3161,1080,0,sub-06_ses-001_task-mario_level-w1l1_rep-005.bk2,
sub-06,ses-007,Level1-1,True,False,3546,59.1,3161,580,2,sub-06_ses-007_task-mario_level-w1l1_rep-000.bk2,
sub-06,ses-008,Level1-1,True,False,2986,49.766666666666666,3161,580,2,sub-06_ses-008_task-mario_level-w1l1_rep-000.bk2,
sub-06,ses-010,Level1-1,False,True,4058,67.63333333333334,1266,190,-1,sub-06_ses-010_task-mario_level-w1l1_rep-000.bk2,
sub-06,ses-010,Level1-1,True,False,9483,158.05,3161,675,2,sub-06_ses-010_task-mario_level-w1l1_rep-001.bk2,
sub-06,ses-011,Level1-1,True,False,3285,54.75,3161,580,2,sub-06_ses-011_task-mario_level-w1l1_rep-000.bk2,
sub-06,ses-012,Level1-1,False,False,4681,78.01666666666667,3155,600,2,sub-06_ses-012_task-mario_level-w1l1_rep-000.bk2,
sub-06,ses-013,Level1-1,True,False,3492,58.2,3161,490,2,sub-06_ses-013_task-mario_level-w1l1_rep-000.bk2,
sub-06,ses-013,Level1-1,True,False,3768,62.8,3161,610,2,sub-06_ses-013_task-mario_level-w1l1_rep-001.bk2,
sub-06,ses-014,Level1-1,False,True,4091,68.18333333333334,797,10,-1,sub-06_ses-014_task-mario_level-w1l1_rep-000.bk2,
sub-06,ses-015,Level1-1,False,False,3568,59.46666666666667,1652,195,1,sub-06_ses-015_task-mario_level-w1l1_rep-000.bk2,
sub-06,ses-016,Level1-1,True,False,2790,46.5,3161,560,2,sub-06_ses-016_task-mario_level-w1l1_rep-000.bk2,
sub-06,ses-017,Level1-1,True,False,2862,47.7,3161,565,2,sub-06_ses-017_task-mario_level-w1l1_rep-000.bk2,
sub-06,ses-017,Level1-1,False,False,3071,51.18333333333333,2582,20,0,sub-06_ses-017_task-mario_level-w1l1_rep-001.bk2,
sub-06,ses-019,Level1-1,True,False,3559,59.31666666666667,3161,590,2,sub-06_ses-019_task-mario_level-w1l1_rep-000.bk2,
sub-06,ses-020,Level1-1,False,True,3772,62.86666666666667,1264,205,-1,sub-06_ses-020_task-mario_level-w1l1_rep-000.bk2,
sub-06,ses-021,Level1-1,True,False,2316,38.6,3161,1510,2,sub-06_ses-021_task-mario_level-w1l1_rep-000.bk2,
sub-06,ses-022,Level1-1,False,False,2907,48.45,2580,170,1,sub-06_ses-022_task-mario_level-w1l1_rep-000.bk2,
sub-06,ses-023,Level1-1,True,False,3022,50.36666666666667,3161,615,2,sub-06_ses-023_task-mario_level-w1l1_rep-000.bk2,
sub-06,ses-023,Level1-1,False,True,4411,73.51666666666667,1555,295,-1,sub-06_ses-023_task-mario_level-w1l1_rep-001.bk2,
sub-06,ses-024,Level1-1,True,False,2692,44.86666666666667,3161,570,2,sub-06_ses-024_task-mario_level-w1l1_rep-000.bk2,
sub-06,ses-025,Level1-1,True,False,3059,50.983333333333334,3161,625,2,sub-06_ses-025_task-mario_level-w1l1_rep-000.bk2,
sub-06,ses-025,Level1-1,True,False,2762,46.03333333333333,3161,570,2,sub-06_ses-025_task-mario_level-w1l1_rep-001.bk2,
sub-01,ses-001,Level1-2,False,True,3133,52.21666666666667,2150,220,-1,sub-01_ses-001_task-mario_level-w1l2_rep-000.bk2,
sub-01,ses-001,Level1-2,False,False,3089,51.483333333333334,941,175,1,sub-01_ses-001_task-mario_level-w1l2_rep-001.bk2,
sub-01,ses-001,Level1-2,False,True,1610,26.833333333333332,195,10,-1,sub-01_ses-001_task-mario_level-w1l2_rep-002.bk2,
sub-01,ses-001,Level1-2,False,False,3606,60.1,1110,350,0,sub-01_ses-001_task-mario_level-w1l2_rep-003.bk2,
sub-01,ses-001,Level1-2,False,True,3070,51.166666666666664,878,140,-1,sub-01_ses-001_task-mario_level-w1l2_rep-004.bk2,
sub-01,ses-001,Level1-2,False,False,3097,51.61666666666667,1123,60,0,sub-01_ses-001_task-mario_level-w1l2_rep-005.bk2,
sub-01,ses-001,Level1-2,False,False,3011,50.18333333333333,904,20,0,sub-01_ses-001_task-mario_level-w1l2_rep-006.bk2,
sub-01,ses-001,Level1-2,False,False,1882,31.366666666666667,1558,40,1,sub-01_ses-001_task-mario_level-w1l2_rep-007.bk2,
sub-01,ses-001,Level1-2,False,True,2901,48.35,677,0,-1,sub-01_ses-001_task-mario_level-w1l2_rep-008.bk2,
sub-01,ses-001,Level1-2,False,False,2675,44.583333333333336,1467,270,0,sub-01_ses-001_task-mario_level-w1l2_rep-009.bk2,
sub-01,ses-007,Level1-2,False,True,2340,39.0,818,20,-1,sub-01_ses-007_task-mario_level-w1l2_rep-000.bk2,
sub-01,ses-007,Level1-2,True,False,2815,46.916666666666664,3161,220,2,sub-01_ses-007_task-mario_level-w1l2_rep-001.bk2,
sub-01,ses-007,Level1-2,False,True,3005,50.083333333333336,881,80,-1,sub-01_ses-007_task-mario_level-w1l2_rep-002.bk2,
sub-01,ses-008,Level1-2,False,True,3837,63.95,1119,410,-1,sub-01_ses-008_task-mario_level-w1l2_rep-000.bk2,
sub-01,ses-009,Level1-2,False,True,2672,44.53333333333333,1108,200,-1,sub-01_ses-009_task-mario_level-w1l2_rep-000.bk2,
sub-01,ses-009,Level1-2,False,True,3814,63.56666666666667,855,180,-1,sub-01_ses-009_task-mario_level-w1l2_rep-001.bk2,
sub-01,ses-009,Level1-2,False,True,3350,55.833333333333336,611,10,-1,sub-01_ses-009_task-mario_level-w1l2_rep-002.bk2,
sub-01,ses-010,Level1-2,False,False,3985,66.41666666666667,1148,410,0,sub-01_ses-010_task-mario_level-w1l2_rep-000.bk2,
sub-01,ses-011,Level1-2,False,False,3077,51.28333333333333,482,40,0,sub-01_ses-011_task-mario_level-w1l2_rep-000.bk2,
sub-01,ses-011,Level1-2,False,False,2520,42.0,937,110,0,sub-01_ses-011_task-mario_level-w1l2_rep-001.bk2,
sub-01,ses-012,Level1-2,False,True,3162,52.7,656,0,-1,sub-01_ses-012_task-mario_level-w1l2_rep-000.bk2,
sub-01,ses-013,Level1-2,False,False,3040,50.666666666666664,904,230,0,sub-01_ses-013_task-mario_level-w1l2_rep-000.bk2,
sub-01,ses-014,Level1-2,False,False,2262,37.7,3026,650,2,sub-01_ses-014_task-mario_level-w1l2_rep-000.bk2,
sub-01,ses-014,Level1-2,False,False,3044,50.733333333333334,907,230,0,sub-01_ses-014_task-mario_level-w1l2_rep-001.bk2,
sub-01,ses-015,Level1-2,False,False,3250,54.166666666666664,659,50,0,sub-01_ses-015_task-mario_level-w1l2_rep-000.bk2,
sub-01,ses-015,Level1-2,False,True,4037,67.28333333333333,675,60,-1,sub-01_ses-015_task-mario_level-w1l2_rep-001.bk2,
sub-01,ses-015,Level1-2,False,False,2235,37.25,904,10,0,sub-01_ses-015_task-mario_level-w1l2_rep-002.bk2,
sub-01,ses-016,Level1-2,False,False,2321,38.68333333333333,674,40,0,sub-01_ses-016_task-mario_level-w1l2_rep-000.bk2,
sub-01,ses-016,Level1-2,False,False,2538,42.3,3004,255,2,sub-01_ses-016_task-mario_level-w1l2_rep-001.bk2,
sub-01,ses-017,Level1-2,False,True,2538,42.3,599,30,-1,sub-01_ses-017_task-mario_level-w1l2_rep-000.bk2,
sub-01,ses-018,Level1-2,False,False,2712,45.2,1451,210,0,sub-01_ses-018_task-mario_level-w1l2_rep-000.bk2,
sub-01,ses-019,Level1-2,False,True,2783,46.38333333333333,616,0,-1,sub-01_ses-019_task-mario_level-w1l2_rep-000.bk2,
sub-01,ses-019,Level1-2,False,True,2531,42.18333333333333,1156,110,-1,sub-01_ses-019_task-mario_level-w1l2_rep-001.bk2,
sub-01,ses-020,Level1-2,True,False,2120,35.333333333333336,3161,180,2,sub-01_ses-020_task-mario_level-w1l2_rep-000.bk2,
sub-01,ses-021,Level1-2,True,False,2771,46.18333333333333,3161,180,2,sub-01_ses-021_task-mario_level-w1l2_rep-002.bk2,
sub-01,ses-021,Level1-2,False,False,3586,59.766666666666666,905,110,0,sub-01_ses-021_task-mario_level-w1l2_rep-003.bk2,
sub-02,ses-001,Level1-2,True,False,5901,98.35,3161,280,1,sub-02_ses-001_task-mario_level-w1l2_rep-000.bk2,
sub-02,ses-001,Level1-2,False,True,2130,35.5,681,0,-1,sub-02_ses-001_task-mario_level-w1l2_rep-001.bk2,
sub-02,ses-001,Level1-2,False,True,5420,90.33333333333333,1560,340,-1,sub-02_ses-001_task-mario_level-w1l2_rep-002.bk2,
sub-02,ses-001,Level1-2,False,True,6280,104.66666666666667,1156,485,-1,sub-02_ses-001_task-mario_level-w1l2_rep-003.bk2,
sub-02,ses-001,Level1-2,False,True,5054,84.23333333333333,884,140,-1,sub-02_ses-001_task-mario_level-w1l2_rep-004.bk2,
sub-02,ses-007,Level1-2,False,True,2407,40.11666666666667,483,80,-1,sub-02_ses-007_task-mario_level-w1l2_rep-000.bk2,
sub-02,ses-008,Level1-2,False,False,5071,84.51666666666667,3026,380,1,sub-02_ses-008_task-mario_level-w1l2_rep-000.bk2,
sub-02,ses-009,Level1-2,False,False,6462,107.7,2413,600,0,sub-02_ses-009_task-mario_level-w1l2_rep-000.bk2,
sub-02,ses-009,Level1-2,False,True,7622,127.03333333333333,1442,970,-1,sub-02_ses-009_task-mario_level-w1l2_rep-001.bk2,
sub-02,ses-010,Level1-2,False,False,4909,81.81666666666666,849,50,1,sub-02_ses-010_task-mario_level-w1l2_rep-000.bk2,
sub-02,ses-010,Level1-2,False,True,4489,74.81666666666666,1443,450,-1,sub-02_ses-010_task-mario_level-w1l2_rep-001.bk2,
sub-02,ses-011,Level1-2,False,False,4584,76.4,3028,675,2,sub-02_ses-011_task-mario_level-w1l2_rep-000.bk2,
sub-02,ses-012,Level1-2,True,False,5407,90.11666666666666,3161,760,2,sub-02_ses-012_task-mario_level-w1l2_rep-000.bk2,
sub-02,ses-013,Level1-2,False,True,9778,162.96666666666667,2389,1490,-1,sub-02_ses-013_task-mario_level-w1l2_rep-000.bk2,
sub-02,ses-013,Level1-2,False,True,5702,95.03333333333333,838,360,-1,sub-02_ses-013_task-mario_level-w1l2_rep-001.bk2,
sub-02,ses-014,Level1-2,False,True,5741,95.68333333333334,892,420,-1,sub-02_ses-014_task-mario_level-w1l2_rep-000.bk2,
sub-02,ses-014,Level1-2,False,True,5573,92.88333333333334,890,275,-1,sub-02_ses-014_task-mario_level-w1l2_rep-001.bk2,
sub-02,ses-016,Level1-2,False,True,7024,117.06666666666666,1071,470,-1,sub-02_ses-016_task-mario_level-w1l2_rep-000.bk2,
sub-02,ses-016,Level1-2,False,True,5237,87.28333333333333,665,40,-1,sub-02_ses-016_task-mario_level-w1l2_rep-001.bk2,
sub-02,ses-017,Level1-2,False,False,8605,143.41666666666666,1170,430,0,sub-02_ses-017_task-mario_level-w1l2_rep-000.bk2,
sub-02,ses-018,Level1-2,False,True,4256,70.93333333333334,862,230,-1,sub-02_ses-018_task-mario_level-w1l2_rep-000.bk2,
sub-02,ses-019,Level1-2,False,True,5573,92.88333333333334,605,110,-1,sub-02_ses-019_task-mario_level-w1l2_rep-000.bk2,
sub-02,ses-020,Level1-2,False,False,7047,117.45,1068,510,0,sub-02_ses-020_task-mario_level-w1l2_rep-000.bk2,
sub-02,ses-020,Level1-2,False,False,5381,89.68333333333334,1441,650,0,sub-02_ses-020_task-mario_level-w1l2_rep-001.bk2,
sub-02,ses-021,Level1-2,False,False,8126,135.43333333333334,1444,500,0,sub-02_ses-021_task-mario_level-w1l2_rep-000.bk2,
sub-02,ses-023,Level1-2,True,False,5466,91.1,3161,825,2,sub-02_ses-023_task-mario_level-w1l2_rep-000.bk2,
sub-02,ses-023,Level1-2,False,True,4840,80.66666666666667,888,210,-1,sub-02_ses-023_task-mario_level-w1l2_rep-001.bk2,
sub-03,ses-001,Level1-2,True,False,13970,232.83333333333334,3161,1830,0,sub-03_ses-001_task-mario_level-w1l2_rep-000.bk2,
sub-03,ses-001,Level1-2,False,True,8381,139.68333333333334,628,50,-1,sub-03_ses-001_task-mario_level-w1l2_rep-001.bk2,
sub-03,ses-001,Level1-2,False,True,7082,118.03333333333333,819,245,-1,sub-03_ses-001_task-mario_level-w1l2_rep-002.bk2,
sub-03,ses-001,Level1-2,False,True,5057,84.28333333333333,729,150,-1,sub-03_ses-001_task-mario_level-w1l2_rep-003.bk2,
sub-03,ses-010,Level1-2,False,False,4447,74.11666666666666,3026,425,2,sub-03_ses-010_task-mario_level-w1l2_rep-000.bk2,
sub-03,ses-012,Level1-2,False,False,5946,99.1,899,460,0,sub-03_ses-012_task-mario_level-w1l2_rep-000.bk2,
sub-03,ses-014,Level1-2,False,True,4098,68.3,830,415,-1,sub-03_ses-014_task-mario_level-w1l2_rep-000.bk2,
sub-03,ses-014,Level1-2,False,True,3718,61.96666666666667,654,260,-1,sub-03_ses-014_task-mario_level-w1l2_rep-001.bk2,
sub-03,ses-015,Level1-2,False,True,4118,68.63333333333334,617,30,-1,sub-03_ses-015_task-mario_level-w1l2_rep-000.bk2,
sub-03,ses-017,Level1-2,False,False,3430,57.166666666666664,850,360,2,sub-03_ses-017_task-mario_level-w1l2_rep-000.bk2,
sub-03,ses-017,Level1-2,False,False,3411,56.85,652,255,1,sub-03_ses-017_task-mario_level-w1l2_rep-001.bk2,
sub-03,ses-019,Level1-2,False,False,4258,70.96666666666667,1185,595,1,sub-03_ses-019_task-mario_level-w1l2_rep-000.bk2,
sub-03,ses-019,Level1-2,False,False,3754,62.56666666666667,3026,450,2,sub-03_ses-019_task-mario_level-w1l2_rep-001.bk2,
sub-03,ses-020,Level1-2,False,False,4504,75.06666666666666,1196,580,1,sub-03_ses-020_task-mario_level-w1l2_rep-000.bk2,
sub-03,ses-022,Level1-2,False,False,5730,95.5,1447,520,0,sub-03_ses-022_task-mario_level-w1l2_rep-000.bk2,
sub-03,ses-022,Level1-2,False,False,3503,58.38333333333333,3026,460,2,sub-03_ses-022_task-mario_level-w1l2_rep-001.bk2,
sub-03,ses-023,Level1-2,False,True,3341,55.68333333333333,856,310,-1,sub-03_ses-023_task-mario_level-w1l2_rep-000.bk2,
sub-03,ses-025,Level1-2,False,False,3768,62.8,1464,630,0,sub-03_ses-025_task-mario_level-w1l2_rep-000.bk2,
sub-03,ses-025,Level1-2,False,False,6138,102.3,482,300,1,sub-03_ses-025_task-mario_level-w1l2_rep-001.bk2,
sub-03,ses-027,Level1-2,False,False,5776,96.26666666666667,3026,535,1,sub-03_ses-027_task-mario_level-w1l2_rep-000.bk2,
sub-03,ses-027,Level1-2,False,True,4114,68.56666666666666,623,150,-1,sub-03_ses-027_task-mario_level-w1l2_rep-001.bk2,
sub-03,ses-027,Level1-2,False,True,2396,39.93333333333333,467,10,-1,sub-03_ses-027_task-mario_level-w1l2_rep-002.bk2,
sub-03,ses-029,Level1-2,False,False,3849,64.15,906,205,0,sub-03_ses-029_task-mario_level-w1l2_rep-000.bk2,
sub-03,ses-029,Level1-2,False,False,4411,73.51666666666667,629,270,0,sub-03_ses-029_task-mario_level-w1l2_rep-001.bk2,
sub-05,ses-001,Level1-2,True,False,9857,164.28333333333333,3161,1810,2,sub-05_ses-001_task-mario_level-w1l2_rep-000.bk2,
sub-05,ses-001,Level1-2,False,True,6890,114.83333333333333,858,350,-1,sub-05_ses-001_task-mario_level-w1l2_rep-001.bk2,
sub-05,ses-001,Level1-2,False,True,6438,107.3,1107,665,-1,sub-05_ses-001_task-mario_level-w1l2_rep-002.bk2,
sub-05,ses-001,Level1-2,False,True,4686,78.1,863,290,-1,sub-05_ses-001_task-mario_level-w1l2_rep-003.bk2,
sub-05,ses-009,Level1-2,False,True,5257,87.61666666666666,1138,770,-1,sub-05_ses-009_task-mario_level-w1l2_rep-000.bk2,
sub-05,ses-009,Level1-2,False,True,4277,71.28333333333333,881,160,-1,sub-05_ses-009_task-mario_level-w1l2_rep-001.bk2,
sub-05,ses-010,Level1-2,False,True,4218,70.3,852,220,-1,sub-05_ses-010_task-mario_level-w1l2_rep-000.bk2,
sub-05,ses-010,Level1-2,False,False,6917,115.28333333333333,3027,685,0,sub-05_ses-010_task-mario_level-w1l2_rep-001.bk2,
sub-05,ses-011,Level1-2,False,True,4644,77.4,1100,270,-1,sub-05_ses-011_task-mario_level-w1l2_rep-000.bk2,
sub-05,ses-012,Level1-2,False,True,3584,59.733333333333334,881,220,-1,sub-05_ses-012_task-mario_level-w1l2_rep-000.bk2,
sub-05,ses-013,Level1-2,False,False,2904,48.4,3027,260,2,sub-05_ses-013_task-mario_level-w1l2_rep-000.bk2,
sub-05,ses-014,Level1-2,False,True,3065,51.083333333333336,483,200,-1,sub-05_ses-014_task-mario_level-w1l2_rep-000.bk2,
sub-05,ses-014,Level1-2,False,True,5633,93.88333333333334,1199,670,-1,sub-05_ses-014_task-mario_level-w1l2_rep-001.bk2,
sub-05,ses-016,Level1-2,False,False,8222,137.03333333333333,1444,990,0,sub-05_ses-016_task-mario_level-w1l2_rep-000.bk2,
sub-05,ses-016,Level1-2,True,False,4350,72.5,3161,355,2,sub-05_ses-016_task-mario_level-w1l2_rep-001.bk2,
sub-05,ses-017,Level1-2,False,True,5232,87.2,898,340,-1,sub-05_ses-017_task-mario_level-w1l2_rep-000.bk2,
sub-05,ses-017,Level1-2,False,True,4203,70.05,1459,380,-1,sub-05_ses-017_task-mario_level-w1l2_rep-001.bk2,
sub-05,ses-018,Level1-2,False,True,4611,76.85,1466,700,-1,sub-05_ses-018_task-mario_level-w1l2_rep-000.bk2,
sub-05,ses-018,Level1-2,False,True,3430,57.166666666666664,631,20,-1,sub-05_ses-018_task-mario_level-w1l2_rep-001.bk2,
sub-05,ses-019,Level1-2,False,True,6319,105.31666666666666,1064,705,-1,sub-05_ses-019_task-mario_level-w1l2_rep-000.bk2,
sub-05,ses-020,Level1-2,False,True,5998,99.96666666666667,864,630,-1,sub-05_ses-020_task-mario_level-w1l2_rep-000.bk2,
sub-05,ses-021,Level1-2,False,True,4177,69.61666666666666,617,330,-1,sub-05_ses-021_task-mario_level-w1l2_rep-000.bk2,
sub-05,ses-021,Level1-2,False,True,1797,29.95,174,10,-1,sub-05_ses-021_task-mario_level-w1l2_rep-001.bk2,
sub-05,ses-022,Level1-2,True,False,9504,158.4,3161,2080,1,sub-05_ses-022_task-mario_level-w1l2_rep-000.bk2,
sub-05,ses-022,Level1-2,True,False,4555,75.91666666666667,3161,675,2,sub-05_ses-022_task-mario_level-w1l2_rep-001.bk2,
sub-06,ses-001,Level1-2,False,False,16331,272.18333333333334,3026,2265,1,sub-06_ses-001_task-mario_level-w1l2_rep-000.bk2,
sub-06,ses-001,Level1-2,False,True,4655,77.58333333333333,818,210,-1,sub-06_ses-001_task-mario_level-w1l2_rep-001.bk2,
sub-06,ses-001,Level1-2,False,True,6345,105.75,818,510,-1,sub-06_ses-001_task-mario_level-w1l2_rep-002.bk2,
sub-06,ses-007,Level1-2,False,False,8990,149.83333333333334,780,255,2,sub-06_ses-007_task-mario_level-w1l2_rep-000.bk2,
sub-06,ses-008,Level1-2,False,False,7255,120.91666666666667,3026,1085,1,sub-06_ses-008_task-mario_level-w1l2_rep-000.bk2,
sub-06,ses-010,Level1-2,False,False,7525,125.41666666666667,1444,430,0,sub-06_ses-010_task-mario_level-w1l2_rep-000.bk2,
sub-06,ses-010,Level1-2,False,False,8139,135.65,1468,1220,0,sub-06_ses-010_task-mario_level-w1l2_rep-001.bk2,
sub-06,ses-011,Level1-2,False,False,5745,95.75,3026,1060,2,sub-06_ses-011_task-mario_level-w1l2_rep-000.bk2,
sub-06,ses-012,Level1-2,False,False,8355,139.25,3026,1630,2,sub-06_ses-012_task-mario_level-w1l2_rep-000.bk2,
sub-06,ses-013,Level1-2,False,False,7528,125.46666666666667,799,320,1,sub-06_ses-013_task-mario_level-w1l2_rep-000.bk2,
sub-06,ses-013,Level1-2,False,False,6128,102.13333333333334,900,230,1,sub-06_ses-013_task-mario_level-w1l2_rep-001.bk2,
sub-06,ses-014,Level1-2,False,True,2390,39.833333333333336,483,90,-1,sub-06_ses-014_task-mario_level-w1l2_rep-000.bk2,
sub-06,ses-015,Level1-2,False,True,3135,52.25,460,70,-1,sub-06_ses-015_task-mario_level-w1l2_rep-000.bk2,
sub-06,ses-016,Level1-2,False,True,8440,140.66666666666666,609,560,-1,sub-06_ses-016_task-mario_level-w1l2_rep-000.bk2,
sub-06,ses-016,Level1-2,False,True,4439,73.98333333333333,870,230,-1,sub-06_ses-016_task-mario_level-w1l2_rep-001.bk2,
sub-06,ses-019,Level1-2,False,True,6950,115.83333333333333,858,290,-1,sub-06_ses-019_task-mario_level-w1l2_rep-000.bk2,
sub-06,ses-019,Level1-2,False,False,6021,100.35,666,440,1,sub-06_ses-019_task-mario_level-w1l2_rep-001.bk2,
sub-06,ses-020,Level1-2,False,True,5464,91.06666666666666,1126,580,-1,sub-06_ses-020_task-mario_level-w1l2_rep-000.bk2,
sub-06,ses-021,Level1-2,False,False,6961,116.01666666666667,881,210,1,sub-06_ses-021_task-mario_level-w1l2_rep-000.bk2,
sub-06,ses-022,Level1-2,False,False,7950,132.5,1443,885,0,sub-06_ses-022_task-mario_level-w1l2_rep-000.bk2,
sub-06,ses-023,Level1-2,False,True,4060,67.66666666666667,820,480,-1,sub-06_ses-023_task-mario_level-w1l2_rep-000.bk2,
sub-06,ses-024,Level1-2,False,True,6596,109.93333333333334,922,285,-1,sub-06_ses-024_task-mario_level-w1l2_rep-000.bk2,
sub-06,ses-024,Level1-2,False,False,8550,142.5,953,535,0,sub-06_ses-024_task-mario_level-w1l2_rep-001.bk2,
sub-06,ses-025,Level1-2,False,True,3966,66.1,800,210,-1,sub-06_ses-025_task-mario_level-w1l2_rep-000.bk2,
sub-01,ses-001,Level1-3,False,True,2805,46.75,1342,40,-1,sub-01_ses-001_task-mario_level-w1l3_rep-000.bk2,
sub-01,ses-001,Level1-3,False,True,1968,32.8,696,0,-1,sub-01_ses-001_task-mario_level-w1l3_rep-001.bk2,
sub-01,ses-001,Level1-3,False,True,1980,33.0,699,10,-1,sub-01_ses-001_task-mario_level-w1l3_rep-002.bk2,
sub-01,ses-001,Level1-3,False,False,3817,63.61666666666667,2226,310,0,sub-01_ses-001_task-mario_level-w1l3_rep-003.bk2,
sub-01,ses-001,Level1-3,False,True,3099,51.65,1519,120,-1,sub-01_ses-001_task-mario_level-w1l3_rep-004.bk2,
sub-01,ses-001,Level1-3,False,True,2445,40.75,833,20,-1,sub-01_ses-001_task-mario_level-w1l3_rep-005.bk2,
sub-01,ses-001,Level1-3,False,False,3016,50.266666666666666,1596,80,0,sub-01_ses-001_task-mario_level-w1l3_rep-006.bk2,
sub-01,ses-001,Level1-3,False,False,2689,44.81666666666667,2226,140,1,sub-01_ses-001_task-mario_level-w1l3_rep-007.bk2,
sub-01,ses-001,Level1-3,False,False,2596,43.266666666666666,1685,20,0,sub-01_ses-001_task-mario_level-w1l3_rep-008.bk2,
sub-01,ses-001,Level1-3,True,False,1490,24.833333333333332,2425,120,2,sub-01_ses-001_task-mario_level-w1l3_rep-009.bk2,
sub-01,ses-001,Level1-3,False,True,2627,43.78333333333333,1239,40,-1,sub-01_ses-001_task-mario_level-w1l3_rep-010.bk2,
sub-01,ses-001,Level1-3,True,False,2150,35.833333333333336,2425,160,1,sub-01_ses-001_task-mario_level-w1l3_rep-011.bk2,
sub-01,ses-006,Level1-3,True,False,1971,32.85,2425,200,2,sub-01_ses-006_task-mario_level-w1l3_rep-000.bk2,
sub-01,ses-007,Level1-3,False,True,2829,47.15,1050,60,-1,sub-01_ses-007_task-mario_level-w1l3_rep-000.bk2,
sub-01,ses-008,Level1-3,True,False,2965,49.416666666666664,2425,100,0,sub-01_ses-008_task-mario_level-w1l3_rep-000.bk2,
sub-01,ses-008,Level1-3,True,False,2310,38.5,2425,100,1,sub-01_ses-008_task-mario_level-w1l3_rep-001.bk2,
sub-01,ses-008,Level1-3,False,False,3337,55.61666666666667,1504,290,0,sub-01_ses-008_task-mario_level-w1l3_rep-002.bk2,
sub-01,ses-009,Level1-3,True,False,3153,52.55,2425,80,0,sub-01_ses-009_task-mario_level-w1l3_rep-000.bk2,
sub-01,ses-010,Level1-3,True,False,2526,42.1,2425,170,1,sub-01_ses-010_task-mario_level-w1l3_rep-000.bk2,
sub-01,ses-010,Level1-3,True,False,1463,24.383333333333333,2425,120,2,sub-01_ses-010_task-mario_level-w1l3_rep-001.bk2,
sub-01,ses-011,Level1-3,True,False,1398,23.3,2425,90,2,sub-01_ses-011_task-mario_level-w1l3_rep-000.bk2,
sub-01,ses-011,Level1-3,True,False,2372,39.53333333333333,2425,260,1,sub-01_ses-011_task-mario_level-w1l3_rep-001.bk2,
sub-01,ses-012,Level1-3,True,False,1908,31.8,2425,60,1,sub-01_ses-012_task-mario_level-w1l3_rep-000.bk2,
sub-01,ses-013,Level1-3,False,False,3001,50.016666666666666,2420,100,0,sub-01_ses-013_task-mario_level-w1l3_rep-000.bk2,
sub-01,ses-014,Level1-3,True,False,1564,26.066666666666666,2425,120,2,sub-01_ses-014_task-mario_level-w1l3_rep-000.bk2,
sub-01,ses-014,Level1-3,False,False,2152,35.86666666666667,1798,120,1,sub-01_ses-014_task-mario_level-w1l3_rep-001.bk2,
sub-01,ses-014,Level1-3,True,False,1320,22.0,2425,160,2,sub-01_ses-014_task-mario_level-w1l3_rep-002.bk2,
sub-01,ses-015,Level1-3,True,False,1353,22.55,2425,100,2,sub-01_ses-015_task-mario_level-w1l3_rep-000.bk2,
sub-01,ses-016,Level1-3,False,False,2299,38.31666666666667,2420,100,2,sub-01_ses-016_task-mario_level-w1l3_rep-000.bk2,
sub-01,ses-016,Level1-3,True,False,1349,22.483333333333334,2425,80,2,sub-01_ses-016_task-mario_level-w1l3_rep-001.bk2,
sub-01,ses-017,Level1-3,True,False,1581,26.35,2425,160,2,sub-01_ses-017_task-mario_level-w1l3_rep-000.bk2,
sub-01,ses-017,Level1-3,True,False,1590,26.5,2425,140,2,sub-01_ses-017_task-mario_level-w1l3_rep-001.bk2,
sub-01,ses-018,Level1-3,False,False,2257,37.61666666666667,1305,60,0,sub-01_ses-018_task-mario_level-w1l3_rep-000.bk2,
sub-01,ses-019,Level1-3,True,False,1365,22.75,2425,100,2,sub-01_ses-019_task-mario_level-w1l3_rep-000.bk2,
sub-01,ses-019,Level1-3,True,False,1461,24.35,2425,140,2,sub-01_ses-019_task-mario_level-w1l3_rep-001.bk2,
sub-01,ses-020,Level1-3,True,False,1371,22.85,2425,100,2,sub-01_ses-020_task-mario_level-w1l3_rep-000.bk2,
sub-01,ses-021,Level1-3,True,False,1352,22.533333333333335,2425,100,2,sub-01_ses-021_task-mario_level-w1l3_rep-000.bk2,
sub-01,ses-021,Level1-3,False,False,2068,34.46666666666667,1379,60,0,sub-01_ses-021_task-mario_level-w1l3_rep-001.bk2,
sub-02,ses-001,Level1-3,False,True,3185,53.083333333333336,867,60,-1,sub-02_ses-001_task-mario_level-w1l3_rep-000.bk2,
sub-02,ses-001,Level1-3,False,True,3166,52.766666666666666,1613,180,-1,sub-02_ses-001_task-mario_level-w1l3_rep-001.bk2,
sub-02,ses-001,Level1-3,False,True,2419,40.31666666666667,995,30,-1,sub-02_ses-001_task-mario_level-w1l3_rep-002.bk2,
sub-02,ses-001,Level1-3,True,False,1815,30.25,2425,120,2,sub-02_ses-001_task-mario_level-w1l3_rep-003.bk2,
sub-02,ses-001,Level1-3,False,True,2527,42.11666666666667,997,20,-1,sub-02_ses-001_task-mario_level-w1l3_rep-004.bk2,
sub-02,ses-001,Level1-3,False,True,2240,37.333333333333336,1307,10,-1,sub-02_ses-001_task-mario_level-w1l3_rep-005.bk2,
sub-02,ses-001,Level1-3,False,False,3602,60.03333333333333,2418,190,1,sub-02_ses-001_task-mario_level-w1l3_rep-006.bk2,
sub-02,ses-001,Level1-3,True,False,1893,31.55,2425,110,2,sub-02_ses-001_task-mario_level-w1l3_rep-007.bk2,
sub-02,ses-001,Level1-3,False,False,4170,69.5,2384,150,0,sub-02_ses-001_task-mario_level-w1l3_rep-008.bk2,
sub-02,ses-007,Level1-3,True,False,3273,54.55,2425,240,2,sub-02_ses-007_task-mario_level-w1l3_rep-001.bk2,
sub-02,ses-008,Level1-3,True,False,3979,66.31666666666666,2425,340,1,sub-02_ses-008_task-mario_level-w1l3_rep-000.bk2,
sub-02,ses-008,Level1-3,True,False,3131,52.18333333333333,2425,260,2,sub-02_ses-008_task-mario_level-w1l3_rep-001.bk2,
sub-02,ses-009,Level1-3,True,False,2759,45.983333333333334,2425,290,2,sub-02_ses-009_task-mario_level-w1l3_rep-000.bk2,
sub-02,ses-010,Level1-3,True,False,3080,51.333333333333336,2425,260,2,sub-02_ses-010_task-mario_level-w1l3_rep-000.bk2,
sub-02,ses-010,Level1-3,False,True,3393,56.55,1575,200,-1,sub-02_ses-010_task-mario_level-w1l3_rep-001.bk2,
sub-02,ses-011,Level1-3,True,False,2708,45.13333333333333,2425,220,2,sub-02_ses-011_task-mario_level-w1l3_rep-000.bk2,
sub-02,ses-012,Level1-3,True,False,2535,42.25,2425,270,2,sub-02_ses-012_task-mario_level-w1l3_rep-000.bk2,
sub-02,ses-012,Level1-3,True,False,2674,44.56666666666667,2425,200,2,sub-02_ses-012_task-mario_level-w1l3_rep-001.bk2,
sub-02,ses-013,Level1-3,False,False,4101,68.35,2418,320,2,sub-02_ses-013_task-mario_level-w1l3_rep-000.bk2,
sub-02,ses-014,Level1-3,True,False,3674,61.233333333333334,2425,340,2,sub-02_ses-014_task-mario_level-w1l3_rep-000.bk2,
sub-02,ses-015,Level1-3,True,False,4067,67.78333333333333,2425,220,1,sub-02_ses-015_task-mario_level-w1l3_rep-000.bk2,
sub-02,ses-016,Level1-3,False,True,3668,61.13333333333333,1378,170,-1,sub-02_ses-016_task-mario_level-w1l3_rep-000.bk2,
sub-02,ses-017,Level1-3,True,False,3365,56.083333333333336,2425,340,2,sub-02_ses-017_task-mario_level-w1l3_rep-000.bk2,
sub-02,ses-017,Level1-3,False,True,4125,68.75,1013,80,-1,sub-02_ses-017_task-mario_level-w1l3_rep-001.bk2,
sub-02,ses-018,Level1-3,True,False,3146,52.43333333333333,2425,260,2,sub-02_ses-018_task-mario_level-w1l3_rep-000.bk2,
sub-02,ses-018,Level1-3,False,False,3555,59.25,2419,260,2,sub-02_ses-018_task-mario_level-w1l3_rep-001.bk2,
sub-02,ses-020,Level1-3,False,False,3232,53.86666666666667,2163,260,1,sub-02_ses-020_task-mario_level-w1l3_rep-000.bk2,
sub-02,ses-020,Level1-3,True,False,2638,43.96666666666667,2425,280,2,sub-02_ses-020_task-mario_level-w1l3_rep-001.bk2,
sub-02,ses-021,Level1-3,True,False,2614,43.56666666666667,2425,300,2,sub-02_ses-021_task-mario_level-w1l3_rep-000.bk2,
sub-02,ses-022,Level1-3,False,False,2646,44.1,831,20,0,sub-02_ses-022_task-mario_level-w1l3_rep-000.bk2,
sub-02,ses-023,Level1-3,True,False,2463,41.05,2425,260,2,sub-02_ses-023_task-mario_level-w1l3_rep-000.bk2,
sub-03,ses-001,Level1-3,True,False,8107,135.11666666666667,2425,690,1,sub-03_ses-001_task-mario_level-w1l3_rep-000.bk2,
sub-03,ses-001,Level1-3,False,False,5382,89.7,2299,420,2,sub-03_ses-001_task-mario_level-w1l3_rep-001.bk2,
sub-03,ses-001,Level1-3,True,False,7813,130.21666666666667,2425,750,0,sub-03_ses-001_task-mario_level-w1l3_rep-002.bk2,
sub-03,ses-001,Level1-3,False,False,4185,69.75,2295,300,2,sub-03_ses-001_task-mario_level-w1l3_rep-003.bk2,
sub-03,ses-001,Level1-3,True,False,4089,68.15,2425,380,2,sub-03_ses-001_task-mario_level-w1l3_rep-004.bk2,
sub-03,ses-001,Level1-3,False,False,4416,73.6,2167,300,1,sub-03_ses-001_task-mario_level-w1l3_rep-005.bk2,
sub-03,ses-011,Level1-3,False,False,4854,80.9,2419,300,2,sub-03_ses-011_task-mario_level-w1l3_rep-000.bk2,
sub-03,ses-012,Level1-3,True,False,4130,68.83333333333333,2425,420,2,sub-03_ses-012_task-mario_level-w1l3_rep-000.bk2,
sub-03,ses-013,Level1-3,True,False,4181,69.68333333333334,2425,280,2,sub-03_ses-013_task-mario_level-w1l3_rep-000.bk2,
sub-03,ses-014,Level1-3,False,False,4471,74.51666666666667,1970,430,0,sub-03_ses-014_task-mario_level-w1l3_rep-000.bk2,
sub-03,ses-015,Level1-3,False,False,4458,74.3,1388,160,0,sub-03_ses-015_task-mario_level-w1l3_rep-000.bk2,
sub-03,ses-016,Level1-3,True,False,3820,63.666666666666664,2425,320,2,sub-03_ses-016_task-mario_level-w1l3_rep-000.bk2,
sub-03,ses-017,Level1-3,True,False,3825,63.75,2425,320,2,sub-03_ses-017_task-mario_level-w1l3_rep-000.bk2,
sub-03,ses-019,Level1-3,True,False,5784,96.4,2425,440,1,sub-03_ses-019_task-mario_level-w1l3_rep-001.bk2,
sub-03,ses-020,Level1-3,True,False,3583,59.71666666666667,2425,280,2,sub-03_ses-020_task-mario_level-w1l3_rep-000.bk2,
sub-03,ses-020,Level1-3,True,False,4107,68.45,2425,320,2,sub-03_ses-020_task-mario_level-w1l3_rep-001.bk2,
sub-03,ses-021,Level1-3,True,False,5170,86.16666666666667,2425,320,1,sub-03_ses-021_task-mario_level-w1l3_rep-000.bk2,
sub-03,ses-023,Level1-3,False,True,3872,64.53333333333333,1611,240,-1,sub-03_ses-023_task-mario_level-w1l3_rep-000.bk2,
sub-03,ses-023,Level1-3,True,False,3646,60.766666666666666,2425,320,2,sub-03_ses-023_task-mario_level-w1l3_rep-001.bk2,
sub-03,ses-025,Level1-3,True,False,3840,64.0,2425,300,2,sub-03_ses-025_task-mario_level-w1l3_rep-000.bk2,
sub-03,ses-026,Level1-3,True,False,4847,80.78333333333333,2425,360,1,sub-03_ses-026_task-mario_level-w1l3_rep-000.bk2,
sub-03,ses-026,Level1-3,True,False,4185,69.75,2425,350,1,sub-03_ses-026_task-mario_level-w1l3_rep-001.bk2,
sub-03,ses-027,Level1-3,True,False,3510,58.5,2425,340,2,sub-03_ses-027_task-mario_level-w1l3_rep-000.bk2,
sub-03,ses-028,Level1-3,True,False,3415,56.916666666666664,2425,300,2,sub-03_ses-028_task-mario_level-w1l3_rep-000.bk2,
sub-03,ses-029,Level1-3,True,False,3777,62.95,2425,320,2,sub-03_ses-029_task-mario_level-w1l3_rep-000.bk2,
sub-03,ses-030,Level1-3,True,False,3458,57.63333333333333,2425,290,2,sub-03_ses-030_task-mario_level-w1l3_rep-000.bk2,
sub-03,ses-030,Level1-3,True,False,3846,64.1,2425,330,1,sub-03_ses-030_task-mario_level-w1l3_rep-001.bk2,
sub-05,ses-001,Level1-3,False,True,7265,121.08333333333333,1358,750,-1,sub-05_ses-001_task-mario_level-w1l3_rep-002.bk2,
sub-05,ses-001,Level1-3,True,False,7003,116.71666666666667,2425,800,0,sub-05_ses-001_task-mario_level-w1l3_rep-003.bk2,
sub-05,ses-001,Level1-3,False,True,4599,76.65,1060,430,-1,sub-05_ses-001_task-mario_level-w1l3_rep-004.bk2,
sub-05,ses-001,Level1-3,False,True,5474,91.23333333333333,1023,360,-1,sub-05_ses-001_task-mario_level-w1l3_rep-005.bk2,
sub-05,ses-001,Level1-3,False,True,4956,82.6,998,220,-1,sub-05_ses-001_task-mario_level-w1l3_rep-006.bk2,
sub-05,ses-001,Level1-3,False,False,4311,71.85,2420,590,2,sub-05_ses-001_task-mario_level-w1l3_rep-007.bk2,
sub-05,ses-009,Level1-3,True,False,3948,65.8,2425,250,1,sub-05_ses-009_task-mario_level-w1l3_rep-000.bk2,
sub-05,ses-009,Level1-3,False,True,3971,66.18333333333334,1695,200,-1,sub-05_ses-009_task-mario_level-w1l3_rep-001.bk2,
sub-05,ses-010,Level1-3,False,False,2862,47.7,1483,110,0,sub-05_ses-010_task-mario_level-w1l3_rep-000.bk2,
sub-05,ses-011,Level1-3,False,True,3078,51.3,1167,80,-1,sub-05_ses-011_task-mario_level-w1l3_rep-000.bk2,
sub-05,ses-011,Level1-3,True,False,2616,43.6,2425,290,2,sub-05_ses-011_task-mario_level-w1l3_rep-001.bk2,
sub-05,ses-013,Level1-3,False,True,3582,59.7,1171,60,-1,sub-05_ses-013_task-mario_level-w1l3_rep-000.bk2,
sub-05,ses-013,Level1-3,False,False,3345,55.75,1523,120,0,sub-05_ses-013_task-mario_level-w1l3_rep-001.bk2,
sub-05,ses-014,Level1-3,True,False,2725,45.416666666666664,2425,260,2,sub-05_ses-014_task-mario_level-w1l3_rep-000.bk2,
sub-05,ses-015,Level1-3,False,False,4030,67.16666666666667,2196,300,0,sub-05_ses-015_task-mario_level-w1l3_rep-000.bk2,
sub-05,ses-015,Level1-3,False,True,3401,56.68333333333333,1074,60,-1,sub-05_ses-015_task-mario_level-w1l3_rep-001.bk2,
sub-05,ses-016,Level1-3,True,False,3685,61.416666666666664,2425,340,2,sub-05_ses-016_task-mario_level-w1l3_rep-000.bk2,
sub-05,ses-017,Level1-3,True,False,3432,57.2,2425,310,2,sub-05_ses-017_task-mario_level-w1l3_rep-000.bk2,
sub-05,ses-017,Level1-3,True,False,3206,53.43333333333333,2425,260,2,sub-05_ses-017_task-mario_level-w1l3_rep-001.bk2,
sub-05,ses-018,Level1-3,True,False,3117,51.95,2425,280,1,sub-05_ses-018_task-mario_level-w1l3_rep-000.bk2,
sub-05,ses-018,Level1-3,True,False,4574,76.23333333333333,2425,260,0,sub-05_ses-018_task-mario_level-w1l3_rep-001.bk2,
sub-05,ses-019,Level1-3,True,False,3132,52.2,2425,350,2,sub-05_ses-019_task-mario_level-w1l3_rep-000.bk2,
sub-05,ses-020,Level1-3,False,True,5194,86.56666666666666,1958,270,-1,sub-05_ses-020_task-mario_level-w1l3_rep-000.bk2,
sub-05,ses-020,Level1-3,False,True,3338,55.63333333333333,1123,40,-1,sub-05_ses-020_task-mario_level-w1l3_rep-001.bk2,
sub-05,ses-021,Level1-3,False,True,2790,46.5,1060,40,-1,sub-05_ses-021_task-mario_level-w1l3_rep-000.bk2,
sub-05,ses-022,Level1-3,True,False,5543,92.38333333333334,2425,480,0,sub-05_ses-022_task-mario_level-w1l3_rep-000.bk2,
sub-06,ses-001,Level1-3,False,True,6452,107.53333333333333,1839,520,-1,sub-06_ses-001_task-mario_level-w1l3_rep-000.bk2,
sub-06,ses-001,Level1-3,True,False,4926,82.1,2425,390,2,sub-06_ses-001_task-mario_level-w1l3_rep-001.bk2,
sub-06,ses-001,Level1-3,True,False,9039,150.65,2425,830,0,sub-06_ses-001_task-mario_level-w1l3_rep-002.bk2,
sub-06,ses-001,Level1-3,False,True,4799,79.98333333333333,1294,280,-1,sub-06_ses-001_task-mario_level-w1l3_rep-003.bk2,
sub-06,ses-001,Level1-3,False,True,4034,67.23333333333333,1062,170,-1,sub-06_ses-001_task-mario_level-w1l3_rep-004.bk2,
sub-06,ses-001,Level1-3,False,True,3310,55.166666666666664,1679,180,-1,sub-06_ses-001_task-mario_level-w1l3_rep-005.bk2,
sub-06,ses-007,Level1-3,True,False,5757,95.95,2425,680,1,sub-06_ses-007_task-mario_level-w1l3_rep-000.bk2,
sub-06,ses-008,Level1-3,False,False,5352,89.2,1966,660,0,sub-06_ses-008_task-mario_level-w1l3_rep-000.bk2,
sub-06,ses-009,Level1-3,True,False,7344,122.4,2425,970,1,sub-06_ses-009_task-mario_level-w1l3_rep-000.bk2,
sub-06,ses-010,Level1-3,False,True,4857,80.95,1354,420,-1,sub-06_ses-010_task-mario_level-w1l3_rep-000.bk2,
sub-06,ses-011,Level1-3,False,True,3523,58.71666666666667,561,140,-1,sub-06_ses-011_task-mario_level-w1l3_rep-000.bk2,
sub-06,ses-012,Level1-3,False,True,5119,85.31666666666666,1778,540,-1,sub-06_ses-012_task-mario_level-w1l3_rep-000.bk2,
sub-06,ses-013,Level1-3,True,False,6805,113.41666666666667,2425,640,0,sub-06_ses-013_task-mario_level-w1l3_rep-000.bk2,
sub-06,ses-013,Level1-3,False,False,6062,101.03333333333333,1961,710,0,sub-06_ses-013_task-mario_level-w1l3_rep-001.bk2,
sub-06,ses-015,Level1-3,False,False,5175,86.25,1999,660,1,sub-06_ses-015_task-mario_level-w1l3_rep-000.bk2,
sub-06,ses-015,Level1-3,False,False,5613,93.55,2084,560,1,sub-06_ses-015_task-mario_level-w1l3_rep-001.bk2,
sub-06,ses-016,Level1-3,False,True,3254,54.233333333333334,578,150,-1,sub-06_ses-016_task-mario_level-w1l3_rep-000.bk2,
sub-06,ses-017,Level1-3,False,False,3765,62.75,2419,370,2,sub-06_ses-017_task-mario_level-w1l3_rep-000.bk2,
sub-06,ses-019,Level1-3,True,False,4577,76.28333333333333,2425,680,2,sub-06_ses-019_task-mario_level-w1l3_rep-000.bk2,
sub-06,ses-019,Level1-3,False,False,4817,80.28333333333333,2002,490,0,sub-06_ses-019_task-mario_level-w1l3_rep-001.bk2,
sub-06,ses-021,Level1-3,True,False,4337,72.28333333333333,2425,630,2,sub-06_ses-021_task-mario_level-w1l3_rep-000.bk2,
sub-06,ses-022,Level1-3,False,True,4274,71.23333333333333,956,210,-1,sub-06_ses-022_task-mario_level-w1l3_rep-000.bk2,
sub-06,ses-023,Level1-3,True,False,4016,66.93333333333334,2425,710,2,sub-06_ses-023_task-mario_level-w1l3_rep-000.bk2,
sub-06,ses-023,Level1-3,False,False,3631,60.516666666666666,2418,480,2,sub-06_ses-023_task-mario_level-w1l3_rep-001.bk2,
sub-06,ses-024,Level1-3,False,True,3566,59.43333333333333,579,130,-1,sub-06_ses-024_task-mario_level-w1l3_rep-000.bk2,
sub-06,ses-024,Level1-3,False,False,5089,84.81666666666666,2226,730,2,sub-06_ses-024_task-mario_level-w1l3_rep-001.bk2,
sub-06,ses-025,Level1-3,True,False,4276,71.26666666666667,2425,590,2,sub-06_ses-025_task-mario_level-w1l3_rep-000.bk2,
sub-06,ses-025,Level1-3,False,False,3685,61.416666666666664,2019,310,0,sub-06_ses-025_task-mario_level-w1l3_rep-001.bk2,
sub-01,ses-001,Level2-1,False,True,3354,55.9,2580,20,-1,sub-01_ses-001_task-mario_level-w2l1_rep-000.bk2,
sub-01,ses-001,Level2-1,False,True,3858,64.3,1353,120,-1,sub-01_ses-001_task-mario_level-w2l1_rep-001.bk2,
sub-01,ses-001,Level2-1,False,True,3474,57.9,2443,20,-1,sub-01_ses-001_task-mario_level-w2l1_rep-002.bk2,
sub-01,ses-001,Level2-1,True,False,2321,38.68333333333333,3193,210,2,sub-01_ses-001_task-mario_level-w2l1_rep-003.bk2,
sub-01,ses-001,Level2-1,True,False,2232,37.2,3203,50,2,sub-01_ses-001_task-mario_level-w2l1_rep-004.bk2,
sub-01,ses-001,Level2-1,False,True,3125,52.083333333333336,914,230,-1,sub-01_ses-001_task-mario_level-w2l1_rep-005.bk2,
sub-01,ses-001,Level2-1,False,True,3536,58.93333333333333,2460,220,-1,sub-01_ses-001_task-mario_level-w2l1_rep-006.bk2,
sub-01,ses-001,Level2-1,False,False,2781,46.35,3027,260,2,sub-01_ses-001_task-mario_level-w2l1_rep-007.bk2,
sub-01,ses-001,Level2-1,True,False,5227,87.11666666666666,3204,50,0,sub-01_ses-001_task-mario_level-w2l1_rep-008.bk2,
sub-01,ses-006,Level2-1,False,False,3117,51.95,873,30,0,sub-01_ses-006_task-mario_level-w2l1_rep-000.bk2,
sub-01,ses-007,Level2-1,False,True,3435,57.25,2451,0,-1,sub-01_ses-007_task-mario_level-w2l1_rep-000.bk2,
sub-01,ses-007,Level2-1,False,True,3185,53.083333333333336,1186,0,-1,sub-01_ses-007_task-mario_level-w2l1_rep-001.bk2,
sub-01,ses-008,Level2-1,True,False,2490,41.5,3205,10,2,sub-01_ses-008_task-mario_level-w2l1_rep-000.bk2,
sub-01,ses-009,Level2-1,True,False,4491,74.85,3193,70,0,sub-01_ses-009_task-mario_level-w2l1_rep-000.bk2,
sub-01,ses-009,Level2-1,False,False,3439,57.31666666666667,1682,300,0,sub-01_ses-009_task-mario_level-w2l1_rep-001.bk2,
sub-01,ses-009,Level2-1,True,False,3037,50.61666666666667,3193,40,2,sub-01_ses-009_task-mario_level-w2l1_rep-002.bk2,
sub-01,ses-010,Level2-1,True,False,2894,48.233333333333334,3203,40,1,sub-01_ses-010_task-mario_level-w2l1_rep-000.bk2,
sub-01,ses-011,Level2-1,True,False,5173,86.21666666666667,3193,120,0,sub-01_ses-011_task-mario_level-w2l1_rep-000.bk2,
sub-01,ses-011,Level2-1,False,False,3558,59.3,1632,10,0,sub-01_ses-011_task-mario_level-w2l1_rep-001.bk2,
sub-01,ses-012,Level2-1,True,False,3177,52.95,3193,160,1,sub-01_ses-012_task-mario_level-w2l1_rep-000.bk2,
sub-01,ses-013,Level2-1,False,True,2286,38.1,641,120,-1,sub-01_ses-013_task-mario_level-w2l1_rep-000.bk2,
sub-01,ses-014,Level2-1,False,False,3195,53.25,1008,30,0,sub-01_ses-014_task-mario_level-w2l1_rep-000.bk2,
sub-01,ses-014,Level2-1,True,False,2754,45.9,3205,0,2,sub-01_ses-014_task-mario_level-w2l1_rep-001.bk2,
sub-01,ses-015,Level2-1,True,False,5155,85.91666666666667,3204,120,0,sub-01_ses-015_task-mario_level-w2l1_rep-000.bk2,
sub-01,ses-015,Level2-1,True,False,2839,47.31666666666667,3193,220,2,sub-01_ses-015_task-mario_level-w2l1_rep-001.bk2,
sub-01,ses-016,Level2-1,False,True,3246,54.1,1962,10,-1,sub-01_ses-016_task-mario_level-w2l1_rep-000.bk2,
sub-01,ses-016,Level2-1,False,True,2839,47.31666666666667,1334,90,-1,sub-01_ses-016_task-mario_level-w2l1_rep-001.bk2,
sub-01,ses-016,Level2-1,True,False,2078,34.63333333333333,3193,30,2,sub-01_ses-016_task-mario_level-w2l1_rep-002.bk2,
sub-01,ses-017,Level2-1,False,True,4088,68.13333333333334,2553,20,-1,sub-01_ses-017_task-mario_level-w2l1_rep-000.bk2,
sub-01,ses-018,Level2-1,True,False,2592,43.2,3204,0,2,sub-01_ses-018_task-mario_level-w2l1_rep-000.bk2,
sub-01,ses-019,Level2-1,False,False,3306,55.1,2589,290,0,sub-01_ses-019_task-mario_level-w2l1_rep-000.bk2,
sub-01,ses-020,Level2-1,False,False,4229,70.48333333333333,2995,180,1,sub-01_ses-020_task-mario_level-w2l1_rep-000.bk2,
sub-01,ses-021,Level2-1,True,False,2693,44.88333333333333,3204,100,1,sub-01_ses-021_task-mario_level-w2l1_rep-000.bk2,
sub-01,ses-021,Level2-1,True,False,1927,32.11666666666667,3204,190,2,sub-01_ses-021_task-mario_level-w2l1_rep-001.bk2,
sub-01,ses-021,Level2-1,False,False,2550,42.5,1364,30,1,sub-01_ses-021_task-mario_level-w2l1_rep-002.bk2,
sub-02,ses-001,Level2-1,False,True,2836,47.266666666666666,828,10,-1,sub-02_ses-001_task-mario_level-w2l1_rep-000.bk2,
sub-02,ses-001,Level2-1,True,False,3614,60.233333333333334,3193,150,2,sub-02_ses-001_task-mario_level-w2l1_rep-001.bk2,
sub-02,ses-001,Level2-1,False,True,3271,54.516666666666666,1589,80,-1,sub-02_ses-001_task-mario_level-w2l1_rep-002.bk2,
sub-02,ses-001,Level2-1,True,False,4621,77.01666666666667,3193,170,1,sub-02_ses-001_task-mario_level-w2l1_rep-003.bk2,
sub-02,ses-001,Level2-1,False,True,3908,65.13333333333334,1350,130,-1,sub-02_ses-001_task-mario_level-w2l1_rep-004.bk2,
sub-02,ses-001,Level2-1,True,False,3893,64.88333333333334,3193,110,2,sub-02_ses-001_task-mario_level-w2l1_rep-005.bk2,
sub-02,ses-001,Level2-1,False,False,6581,109.68333333333334,2726,825,1,sub-02_ses-001_task-mario_level-w2l1_rep-006.bk2,
sub-02,ses-007,Level2-1,False,True,3512,58.53333333333333,1315,70,-1,sub-02_ses-007_task-mario_level-w2l1_rep-000.bk2,
sub-02,ses-008,Level2-1,True,False,5991,99.85,3193,260,1,sub-02_ses-008_task-mario_level-w2l1_rep-000.bk2,
sub-02,ses-008,Level2-1,True,False,6731,112.18333333333334,3205,180,0,sub-02_ses-008_task-mario_level-w2l1_rep-001.bk2,
sub-02,ses-009,Level2-1,False,True,5698,94.96666666666667,2625,170,-1,sub-02_ses-009_task-mario_level-w2l1_rep-000.bk2,
sub-02,ses-010,Level2-1,True,False,3545,59.083333333333336,3203,70,2,sub-02_ses-010_task-mario_level-w2l1_rep-000.bk2,
sub-02,ses-010,Level2-1,True,False,3356,55.93333333333333,3204,60,2,sub-02_ses-010_task-mario_level-w2l1_rep-001.bk2,
sub-02,ses-011,Level2-1,False,False,4629,77.15,2826,490,1,sub-02_ses-011_task-mario_level-w2l1_rep-000.bk2,
sub-02,ses-012,Level2-1,False,True,5487,91.45,2565,180,-1,sub-02_ses-012_task-mario_level-w2l1_rep-000.bk2,
sub-02,ses-013,Level2-1,False,True,4981,83.01666666666667,1000,335,-1,sub-02_ses-013_task-mario_level-w2l1_rep-000.bk2,
sub-02,ses-013,Level2-1,False,True,4332,72.2,614,510,-1,sub-02_ses-013_task-mario_level-w2l1_rep-001.bk2,
sub-02,ses-014,Level2-1,False,True,4904,81.73333333333333,854,300,-1,sub-02_ses-014_task-mario_level-w2l1_rep-000.bk2,
sub-02,ses-014,Level2-1,False,False,6286,104.76666666666667,1653,475,0,sub-02_ses-014_task-mario_level-w2l1_rep-001.bk2,
sub-02,ses-016,Level2-1,False,True,6883,114.71666666666667,1638,520,-1,sub-02_ses-016_task-mario_level-w2l1_rep-000.bk2,
sub-02,ses-017,Level2-1,True,False,5563,92.71666666666667,3205,400,2,sub-02_ses-017_task-mario_level-w2l1_rep-000.bk2,
sub-02,ses-017,Level2-1,True,False,7805,130.08333333333334,3204,495,0,sub-02_ses-017_task-mario_level-w2l1_rep-001.bk2,
sub-02,ses-018,Level2-1,False,False,6299,104.98333333333333,1301,590,0,sub-02_ses-018_task-mario_level-w2l1_rep-000.bk2,
sub-02,ses-018,Level2-1,False,True,5266,87.76666666666667,683,270,-1,sub-02_ses-018_task-mario_level-w2l1_rep-001.bk2,
sub-02,ses-020,Level2-1,False,True,5554,92.56666666666666,1636,710,-1,sub-02_ses-020_task-mario_level-w2l1_rep-000.bk2,
sub-02,ses-020,Level2-1,False,False,5415,90.25,1665,420,0,sub-02_ses-020_task-mario_level-w2l1_rep-001.bk2,
sub-02,ses-021,Level2-1,False,True,6130,102.16666666666667,1354,370,-1,sub-02_ses-021_task-mario_level-w2l1_rep-000.bk2,
sub-02,ses-022,Level2-1,False,False,4235,70.58333333333333,2585,1150,0,sub-02_ses-022_task-mario_level-w2l1_rep-000.bk2,
sub-02,ses-023,Level2-1,False,True,4946,82.43333333333334,1047,300,-1,sub-02_ses-023_task-mario_level-w2l1_rep-000.bk2,
sub-03,ses-002,Level2-1,True,False,5741,95.68333333333334,3193,650,2,sub-03_ses-002_task-mario_level-w2l1_rep-000.bk2,
sub-03,ses-002,Level2-1,False,True,6651,110.85,2342,710,-1,sub-03_ses-002_task-mario_level-w2l1_rep-001.bk2,
sub-03,ses-002,Level2-1,False,True,7386,123.1,2401,560,-1,sub-03_ses-002_task-mario_level-w2l1_rep-002.bk2,
sub-03,ses-002,Level2-1,False,True,6230,103.83333333333333,1005,300,-1,sub-03_ses-002_task-mario_level-w2l1_rep-003.bk2,
sub-03,ses-002,Level2-1,False,True,5697,94.95,1035,190,-1,sub-03_ses-002_task-mario_level-w2l1_rep-004.bk2,
sub-03,ses-011,Level2-1,False,True,5089,84.81666666666666,912,270,-1,sub-03_ses-011_task-mario_level-w2l1_rep-000.bk2,
sub-03,ses-012,Level2-1,False,True,8173,136.21666666666667,2025,280,-1,sub-03_ses-012_task-mario_level-w2l1_rep-000.bk2,
sub-03,ses-013,Level2-1,True,False,7763,129.38333333333333,3193,875,2,sub-03_ses-013_task-mario_level-w2l1_rep-000.bk2,
sub-03,ses-014,Level2-1,True,False,5216,86.93333333333334,3205,460,2,sub-03_ses-014_task-mario_level-w2l1_rep-000.bk2,
sub-03,ses-015,Level2-1,False,True,5365,89.41666666666667,841,165,-1,sub-03_ses-015_task-mario_level-w2l1_rep-000.bk2,
sub-03,ses-017,Level2-1,True,False,5214,86.9,3193,510,2,sub-03_ses-017_task-mario_level-w2l1_rep-000.bk2,
sub-03,ses-017,Level2-1,False,True,4034,67.23333333333333,968,180,-1,sub-03_ses-017_task-mario_level-w2l1_rep-001.bk2,
sub-03,ses-019,Level2-1,True,False,6143,102.38333333333334,3193,695,2,sub-03_ses-019_task-mario_level-w2l1_rep-000.bk2,
sub-03,ses-020,Level2-1,True,False,5681,94.68333333333334,3193,505,2,sub-03_ses-020_task-mario_level-w2l1_rep-000.bk2,
sub-03,ses-021,Level2-1,False,True,4124,68.73333333333333,1012,370,-1,sub-03_ses-021_task-mario_level-w2l1_rep-000.bk2,
sub-03,ses-022,Level2-1,True,False,8097,134.95,3193,470,1,sub-03_ses-022_task-mario_level-w2l1_rep-000.bk2,
sub-03,ses-022,Level2-1,True,False,10011,166.85,3193,510,0,sub-03_ses-022_task-mario_level-w2l1_rep-001.bk2,
sub-03,ses-023,Level2-1,False,False,5982,99.7,2066,410,2,sub-03_ses-023_task-mario_level-w2l1_rep-000.bk2,
sub-03,ses-025,Level2-1,False,False,6509,108.48333333333333,1657,420,0,sub-03_ses-025_task-mario_level-w2l1_rep-000.bk2,
sub-03,ses-025,Level2-1,False,True,5012,83.53333333333333,1170,115,-1,sub-03_ses-025_task-mario_level-w2l1_rep-001.bk2,
sub-03,ses-026,Level2-1,False,True,5885,98.08333333333333,1650,215,-1,sub-03_ses-026_task-mario_level-w2l1_rep-000.bk2,
sub-03,ses-027,Level2-1,False,True,4090,68.16666666666667,1062,625,-1,sub-03_ses-027_task-mario_level-w2l1_rep-000.bk2,
sub-03,ses-028,Level2-1,False,False,5255,87.58333333333333,1334,170,0,sub-03_ses-028_task-mario_level-w2l1_rep-000.bk2,
sub-03,ses-029,Level2-1,False,True,5388,89.8,1834,170,-1,sub-03_ses-029_task-mario_level-w2l1_rep-000.bk2,
sub-03,ses-030,Level2-1,False,True,3718,61.96666666666667,908,260,-1,sub-03_ses-030_task-mario_level-w2l1_rep-000.bk2,
sub-05,ses-001,Level2-1,True,False,10358,172.63333333333333,3193,1740,3,sub-05_ses-001_task-mario_level-w2l1_rep-000.bk2,
sub-05,ses-001,Level2-1,False,True,7630,127.16666666666667,531,450,-1,sub-05_ses-001_task-mario_level-w2l1_rep-001.bk2,
sub-05,ses-001,Level2-1,False,True,3492,58.2,442,10,-1,sub-05_ses-001_task-mario_level-w2l1_rep-002.bk2,
sub-05,ses-009,Level2-1,True,False,9681,161.35,3203,1315,2,sub-05_ses-009_task-mario_level-w2l1_rep-000.bk2,
sub-05,ses-009,Level2-1,False,True,4926,82.1,746,170,-1,sub-05_ses-009_task-mario_level-w2l1_rep-001.bk2,
sub-05,ses-010,Level2-1,False,True,4483,74.71666666666667,1558,170,-1,sub-05_ses-010_task-mario_level-w2l1_rep-000.bk2,
sub-05,ses-010,Level2-1,True,False,5111,85.18333333333334,3193,270,0,sub-05_ses-010_task-mario_level-w2l1_rep-001.bk2,
sub-05,ses-012,Level2-1,False,True,2868,47.8,971,140,-1,sub-05_ses-012_task-mario_level-w2l1_rep-000.bk2,
sub-05,ses-012,Level2-1,False,True,3625,60.416666666666664,1351,270,-1,sub-05_ses-012_task-mario_level-w2l1_rep-001.bk2,
sub-05,ses-013,Level2-1,True,False,4946,82.43333333333334,3193,200,1,sub-05_ses-013_task-mario_level-w2l1_rep-000.bk2,
sub-05,ses-014,Level2-1,False,False,5037,83.95,2592,370,0,sub-05_ses-014_task-mario_level-w2l1_rep-000.bk2,
sub-05,ses-015,Level2-1,False,True,3988,66.46666666666667,1561,190,-1,sub-05_ses-015_task-mario_level-w2l1_rep-000.bk2,
sub-05,ses-015,Level2-1,False,True,3660,61.0,1635,150,-1,sub-05_ses-015_task-mario_level-w2l1_rep-001.bk2,
sub-05,ses-016,Level2-1,False,True,2375,39.583333333333336,307,0,-1,sub-05_ses-016_task-mario_level-w2l1_rep-000.bk2,
sub-05,ses-016,Level2-1,False,False,3693,61.55,2066,160,2,sub-05_ses-016_task-mario_level-w2l1_rep-001.bk2,
sub-05,ses-017,Level2-1,True,False,5984,99.73333333333333,3204,460,1,sub-05_ses-017_task-mario_level-w2l1_rep-000.bk2,
sub-05,ses-018,Level2-1,False,False,5948,99.13333333333334,1634,270,0,sub-05_ses-018_task-mario_level-w2l1_rep-000.bk2,
sub-05,ses-018,Level2-1,True,False,7272,121.2,3193,890,0,sub-05_ses-018_task-mario_level-w2l1_rep-001.bk2,
sub-05,ses-019,Level2-1,False,False,4731,78.85,2595,350,0,sub-05_ses-019_task-mario_level-w2l1_rep-000.bk2,
sub-05,ses-020,Level2-1,False,True,7288,121.46666666666667,1864,985,-1,sub-05_ses-020_task-mario_level-w2l1_rep-000.bk2,
sub-05,ses-020,Level2-1,False,True,5872,97.86666666666666,1024,690,-1,sub-05_ses-020_task-mario_level-w2l1_rep-001.bk2,
sub-05,ses-021,Level2-1,False,True,5724,95.4,1347,1020,-1,sub-05_ses-021_task-mario_level-w2l1_rep-000.bk2,
sub-05,ses-022,Level2-1,False,True,4250,70.83333333333333,530,230,-1,sub-05_ses-022_task-mario_level-w2l1_rep-000.bk2,
sub-06,ses-001,Level2-1,False,True,4518,75.3,473,410,-1,sub-06_ses-001_task-mario_level-w2l1_rep-000.bk2,
sub-06,ses-001,Level2-1,False,False,10306,171.76666666666668,860,195,0,sub-06_ses-001_task-mario_level-w2l1_rep-001.bk2,
sub-06,ses-001,Level2-1,False,True,3774,62.9,500,310,-1,sub-06_ses-001_task-mario_level-w2l1_rep-002.bk2,
sub-06,ses-001,Level2-1,False,True,10075,167.91666666666666,825,285,-1,sub-06_ses-001_task-mario_level-w2l1_rep-003.bk2,
sub-06,ses-007,Level2-1,False,True,7774,129.56666666666666,530,265,-1,sub-06_ses-007_task-mario_level-w2l1_rep-000.bk2,
sub-06,ses-009,Level2-1,False,True,4974,82.9,530,110,-1,sub-06_ses-009_task-mario_level-w2l1_rep-000.bk2,
sub-06,ses-009,Level2-1,False,False,9323,155.38333333333333,1250,425,1,sub-06_ses-009_task-mario_level-w2l1_rep-001.bk2,
sub-06,ses-010,Level2-1,True,False,8577,142.95,3204,1790,3,sub-06_ses-010_task-mario_level-w2l1_rep-000.bk2,
sub-06,ses-011,Level2-1,False,True,6867,114.45,1319,430,-1,sub-06_ses-011_task-mario_level-w2l1_rep-000.bk2,
sub-06,ses-012,Level2-1,False,False,7870,131.16666666666666,994,490,0,sub-06_ses-012_task-mario_level-w2l1_rep-000.bk2,
sub-06,ses-013,Level2-1,True,False,8320,138.66666666666666,3193,1880,3,sub-06_ses-013_task-mario_level-w2l1_rep-000.bk2,
sub-06,ses-014,Level2-1,True,False,7032,117.2,3193,2085,3,sub-06_ses-014_task-mario_level-w2l1_rep-000.bk2,
sub-06,ses-014,Level2-1,False,True,8009,133.48333333333332,1025,785,-1,sub-06_ses-014_task-mario_level-w2l1_rep-001.bk2,
sub-06,ses-016,Level2-1,False,True,7902,131.7,954,405,-1,sub-06_ses-016_task-mario_level-w2l1_rep-000.bk2,
sub-06,ses-016,Level2-1,False,True,6770,112.83333333333333,691,130,-1,sub-06_ses-016_task-mario_level-w2l1_rep-001.bk2,
sub-06,ses-017,Level2-1,True,False,7453,124.21666666666667,3193,1835,3,sub-06_ses-017_task-mario_level-w2l1_rep-000.bk2,
sub-06,ses-018,Level2-1,False,True,7461,124.35,905,675,-1,sub-06_ses-018_task-mario_level-w2l1_rep-000.bk2,
sub-06,ses-019,Level2-1,False,True,6287,104.78333333333333,531,475,-1,sub-06_ses-019_task-mario_level-w2l1_rep-000.bk2,
sub-06,ses-020,Level2-1,False,False,9018,150.3,1636,630,1,sub-06_ses-020_task-mario_level-w2l1_rep-000.bk2,
sub-06,ses-021,Level2-1,False,False,6496,108.26666666666667,999,675,0,sub-06_ses-021_task-mario_level-w2l1_rep-000.bk2,
sub-06,ses-022,Level2-1,False,True,5928,98.8,809,70,-1,sub-06_ses-022_task-mario_level-w2l1_rep-000.bk2,
sub-06,ses-023,Level2-1,False,True,7263,121.05,966,760,-1,sub-06_ses-023_task-mario_level-w2l1_rep-000.bk2,
sub-06,ses-023,Level2-1,False,False,4816,80.26666666666667,1266,140,0,sub-06_ses-023_task-mario_level-w2l1_rep-001.bk2,
sub-06,ses-024,Level2-1,False,True,6107,101.78333333333333,535,355,-1,sub-06_ses-024_task-mario_level-w2l1_rep-000.bk2,
sub-06,ses-025,Level2-1,False,False,9342,155.7,1255,710,0,sub-06_ses-025_task-mario_level-w2l1_rep-000.bk2,
sub-01,ses-002,Level2-3,True,False,3851,64.18333333333334,3593,1040,0,sub-01_ses-002_task-mario_level-w2l3_rep-000.bk2,
sub-01,ses-002,Level2-3,False,True,2996,49.93333333333333,1458,200,-1,sub-01_ses-002_task-mario_level-w2l3_rep-001.bk2,
sub-01,ses-002,Level2-3,False,True,2352,39.2,1203,0,-1,sub-01_ses-002_task-mario_level-w2l3_rep-002.bk2,
sub-01,ses-002,Level2-3,False,True,3152,52.53333333333333,1460,280,-1,sub-01_ses-002_task-mario_level-w2l3_rep-003.bk2,
sub-01,ses-002,Level2-3,False,False,2687,44.78333333333333,1254,240,0,sub-01_ses-002_task-mario_level-w2l3_rep-004.bk2,
sub-01,ses-002,Level2-3,False,True,3008,50.13333333333333,1203,180,-1,sub-01_ses-002_task-mario_level-w2l3_rep-005.bk2,
sub-01,ses-002,Level2-3,False,True,2909,48.483333333333334,940,160,-1,sub-01_ses-002_task-mario_level-w2l3_rep-006.bk2,
sub-01,ses-002,Level2-3,False,False,2802,46.7,1203,280,0,sub-01_ses-002_task-mario_level-w2l3_rep-007.bk2,
sub-01,ses-002,Level2-3,False,True,3174,52.9,1180,140,-1,sub-01_ses-002_task-mario_level-w2l3_rep-008.bk2,
sub-01,ses-006,Level2-3,False,True,3751,62.516666666666666,1673,400,-1,sub-01_ses-006_task-mario_level-w2l3_rep-000.bk2,
sub-01,ses-007,Level2-3,False,True,1689,28.15,716,60,-1,sub-01_ses-007_task-mario_level-w2l3_rep-000.bk2,
sub-01,ses-008,Level2-3,False,False,2672,44.53333333333333,570,0,0,sub-01_ses-008_task-mario_level-w2l3_rep-000.bk2,
sub-01,ses-008,Level2-3,False,True,3090,51.5,1922,360,-1,sub-01_ses-008_task-mario_level-w2l3_rep-001.bk2,
sub-01,ses-009,Level2-3,False,True,4018,66.96666666666667,1460,320,-1,sub-01_ses-009_task-mario_level-w2l3_rep-000.bk2,
sub-01,ses-009,Level2-3,False,True,2994,49.9,1203,120,-1,sub-01_ses-009_task-mario_level-w2l3_rep-001.bk2,
sub-01,ses-010,Level2-3,False,False,2840,47.333333333333336,1915,440,0,sub-01_ses-010_task-mario_level-w2l3_rep-000.bk2,
sub-01,ses-010,Level2-3,False,True,2409,40.15,910,160,-1,sub-01_ses-010_task-mario_level-w2l3_rep-001.bk2,
sub-01,ses-011,Level2-3,False,True,2041,34.016666666666666,1122,120,-1,sub-01_ses-011_task-mario_level-w2l3_rep-000.bk2,
sub-01,ses-011,Level2-3,False,False,3118,51.96666666666667,1717,260,0,sub-01_ses-011_task-mario_level-w2l3_rep-001.bk2,
sub-01,ses-013,Level2-3,False,True,2166,36.1,1036,20,-1,sub-01_ses-013_task-mario_level-w2l3_rep-000.bk2,
sub-01,ses-013,Level2-3,False,True,2102,35.03333333333333,1157,160,-1,sub-01_ses-013_task-mario_level-w2l3_rep-001.bk2,
sub-01,ses-013,Level2-3,False,False,2634,43.9,2376,420,0,sub-01_ses-013_task-mario_level-w2l3_rep-002.bk2,
sub-01,ses-014,Level2-3,True,False,1892,31.533333333333335,3593,560,2,sub-01_ses-014_task-mario_level-w2l3_rep-000.bk2,
sub-01,ses-015,Level2-3,True,False,4024,67.06666666666666,3593,960,0,sub-01_ses-015_task-mario_level-w2l3_rep-000.bk2,
sub-01,ses-015,Level2-3,False,False,2529,42.15,1202,80,0,sub-01_ses-015_task-mario_level-w2l3_rep-001.bk2,
sub-01,ses-015,Level2-3,False,True,2507,41.78333333333333,1008,40,-1,sub-01_ses-015_task-mario_level-w2l3_rep-002.bk2,
sub-01,ses-016,Level2-3,False,False,3576,59.6,1920,460,0,sub-01_ses-016_task-mario_level-w2l3_rep-000.bk2,
sub-01,ses-016,Level2-3,False,True,3093,51.55,1642,420,-1,sub-01_ses-016_task-mario_level-w2l3_rep-001.bk2,
sub-01,ses-017,Level2-3,False,True,3884,64.73333333333333,1910,460,-1,sub-01_ses-017_task-mario_level-w2l3_rep-000.bk2,
sub-01,ses-018,Level2-3,False,False,2840,47.333333333333336,528,0,0,sub-01_ses-018_task-mario_level-w2l3_rep-000.bk2,
sub-01,ses-019,Level2-3,False,False,2651,44.18333333333333,1886,420,0,sub-01_ses-019_task-mario_level-w2l3_rep-000.bk2,
sub-01,ses-020,Level2-3,True,False,4411,73.51666666666667,3593,1180,0,sub-01_ses-020_task-mario_level-w2l3_rep-000.bk2,
sub-01,ses-020,Level2-3,False,False,2916,48.6,1917,380,0,sub-01_ses-020_task-mario_level-w2l3_rep-001.bk2,
sub-01,ses-021,Level2-3,False,False,2819,46.983333333333334,1202,160,0,sub-01_ses-021_task-mario_level-w2l3_rep-000.bk2,
sub-02,ses-002,Level2-3,False,True,3004,50.06666666666667,1905,120,-1,sub-02_ses-002_task-mario_level-w2l3_rep-000.bk2,
sub-02,ses-002,Level2-3,False,True,2177,36.28333333333333,1051,0,-1,sub-02_ses-002_task-mario_level-w2l3_rep-001.bk2,
sub-02,ses-002,Level2-3,False,True,2977,49.61666666666667,2615,80,-1,sub-02_ses-002_task-mario_level-w2l3_rep-002.bk2,
sub-02,ses-002,Level2-3,False,True,2642,44.03333333333333,2657,120,-1,sub-02_ses-002_task-mario_level-w2l3_rep-003.bk2,
sub-02,ses-002,Level2-3,False,False,5061,84.35,3410,340,0,sub-02_ses-002_task-mario_level-w2l3_rep-004.bk2,
sub-02,ses-002,Level2-3,False,False,2984,49.733333333333334,1698,60,0,sub-02_ses-002_task-mario_level-w2l3_rep-005.bk2,
sub-02,ses-002,Level2-3,False,False,4330,72.16666666666667,2885,400,0,sub-02_ses-002_task-mario_level-w2l3_rep-006.bk2,
sub-02,ses-002,Level2-3,False,True,2239,37.31666666666667,2146,80,-1,sub-02_ses-002_task-mario_level-w2l3_rep-007.bk2,
sub-02,ses-002,Level2-3,False,True,2334,38.9,2151,80,-1,sub-02_ses-002_task-mario_level-w2l3_rep-008.bk2,
sub-02,ses-002,Level2-3,True,False,2333,38.88333333333333,3593,220,2,sub-02_ses-002_task-mario_level-w2l3_rep-009.bk2,
sub-02,ses-007,Level2-3,False,True,2674,44.56666666666667,744,60,-1,sub-02_ses-007_task-mario_level-w2l3_rep-000.bk2,
sub-02,ses-008,Level2-3,False,True,3632,60.53333333333333,1204,120,-1,sub-02_ses-008_task-mario_level-w2l3_rep-000.bk2,
sub-02,ses-008,Level2-3,False,True,3185,53.083333333333336,2094,220,-1,sub-02_ses-008_task-mario_level-w2l3_rep-001.bk2,
sub-02,ses-010,Level2-3,False,True,5340,89.0,2619,100,-1,sub-02_ses-010_task-mario_level-w2l3_rep-000.bk2,
sub-02,ses-010,Level2-3,False,True,3066,51.1,1172,20,-1,sub-02_ses-010_task-mario_level-w2l3_rep-001.bk2,
sub-02,ses-011,Level2-3,True,False,3681,61.35,3593,560,2,sub-02_ses-011_task-mario_level-w2l3_rep-000.bk2,
sub-02,ses-011,Level2-3,False,True,3561,59.35,2975,280,-1,sub-02_ses-011_task-mario_level-w2l3_rep-001.bk2,
sub-02,ses-012,Level2-3,False,True,3710,61.833333333333336,1484,80,-1,sub-02_ses-012_task-mario_level-w2l3_rep-000.bk2,
sub-02,ses-012,Level2-3,True,False,4525,75.41666666666667,3593,580,1,sub-02_ses-012_task-mario_level-w2l3_rep-001.bk2,
sub-02,ses-013,Level2-3,False,True,3944,65.73333333333333,1460,180,-1,sub-02_ses-013_task-mario_level-w2l3_rep-000.bk2,
sub-02,ses-014,Level2-3,False,True,3782,63.03333333333333,1380,380,-1,sub-02_ses-014_task-mario_level-w2l3_rep-000.bk2,
sub-02,ses-014,Level2-3,False,False,4184,69.73333333333333,1203,160,0,sub-02_ses-014_task-mario_level-w2l3_rep-001.bk2,
sub-02,ses-016,Level2-3,False,True,3606,60.1,1445,200,-1,sub-02_ses-016_task-mario_level-w2l3_rep-000.bk2,
sub-02,ses-017,Level2-3,False,False,4197,69.95,3010,520,0,sub-02_ses-017_task-mario_level-w2l3_rep-000.bk2,
sub-02,ses-017,Level2-3,False,True,2968,49.46666666666667,1202,160,-1,sub-02_ses-017_task-mario_level-w2l3_rep-001.bk2,
sub-02,ses-018,Level2-3,False,False,3924,65.4,1203,260,0,sub-02_ses-018_task-mario_level-w2l3_rep-000.bk2,
sub-02,ses-019,Level2-3,False,True,3236,53.93333333333333,938,120,-1,sub-02_ses-019_task-mario_level-w2l3_rep-000.bk2,
sub-02,ses-020,Level2-3,True,False,3317,55.28333333333333,3593,580,2,sub-02_ses-020_task-mario_level-w2l3_rep-000.bk2,
sub-02,ses-020,Level2-3,False,False,4029,67.15,1878,460,0,sub-02_ses-020_task-mario_level-w2l3_rep-001.bk2,
sub-02,ses-022,Level2-3,False,True,3028,50.46666666666667,2977,80,-1,sub-02_ses-022_task-mario_level-w2l3_rep-000.bk2,
sub-02,ses-022,Level2-3,False,True,2810,46.833333333333336,1203,60,-1,sub-02_ses-022_task-mario_level-w2l3_rep-001.bk2,
sub-02,ses-023,Level2-3,True,False,2552,42.53333333333333,3593,400,2,sub-02_ses-023_task-mario_level-w2l3_rep-000.bk2,
sub-03,ses-002,Level2-3,False,True,5516,91.93333333333334,2388,280,-1,sub-03_ses-002_task-mario_level-w2l3_rep-000.bk2,
sub-03,ses-002,Level2-3,False,True,3332,55.53333333333333,696,40,-1,sub-03_ses-002_task-mario_level-w2l3_rep-001.bk2,
sub-03,ses-002,Level2-3,False,True,4732,78.86666666666666,840,0,-1,sub-03_ses-002_task-mario_level-w2l3_rep-002.bk2,
sub-03,ses-002,Level2-3,False,True,4580,76.33333333333333,872,40,-1,sub-03_ses-002_task-mario_level-w2l3_rep-003.bk2,
sub-03,ses-002,Level2-3,False,True,3643,60.71666666666667,1455,0,-1,sub-03_ses-002_task-mario_level-w2l3_rep-004.bk2,
sub-03,ses-002,Level2-3,False,True,4245,70.75,2163,120,-1,sub-03_ses-002_task-mario_level-w2l3_rep-005.bk2,
sub-03,ses-002,Level2-3,False,True,4040,67.33333333333333,910,80,-1,sub-03_ses-002_task-mario_level-w2l3_rep-006.bk2,
sub-03,ses-011,Level2-3,False,True,4456,74.26666666666667,2771,380,-1,sub-03_ses-011_task-mario_level-w2l3_rep-000.bk2,
sub-03,ses-013,Level2-3,False,True,3605,60.083333333333336,1202,20,-1,sub-03_ses-013_task-mario_level-w2l3_rep-000.bk2,
sub-03,ses-013,Level2-3,False,True,2614,43.56666666666667,805,0,-1,sub-03_ses-013_task-mario_level-w2l3_rep-001.bk2,
sub-03,ses-014,Level2-3,False,False,4001,66.68333333333334,1010,100,0,sub-03_ses-014_task-mario_level-w2l3_rep-000.bk2,
sub-03,ses-016,Level2-3,True,False,3902,65.03333333333333,3593,300,1,sub-03_ses-016_task-mario_level-w2l3_rep-000.bk2,
sub-03,ses-017,Level2-3,False,True,3083,51.38333333333333,1452,140,-1,sub-03_ses-017_task-mario_level-w2l3_rep-000.bk2,
sub-03,ses-018,Level2-3,False,False,3714,61.9,3003,260,0,sub-03_ses-018_task-mario_level-w2l3_rep-000.bk2,
sub-03,ses-019,Level2-3,False,True,4723,78.71666666666667,1881,180,-1,sub-03_ses-019_task-mario_level-w2l3_rep-000.bk2,
sub-03,ses-020,Level2-3,False,True,3428,57.13333333333333,1211,0,-1,sub-03_ses-020_task-mario_level-w2l3_rep-000.bk2,
sub-03,ses-020,Level2-3,False,True,3876,64.6,1203,200,-1,sub-03_ses-020_task-mario_level-w2l3_rep-001.bk2,
sub-03,ses-022,Level2-3,True,False,4427,73.78333333333333,3593,420,1,sub-03_ses-022_task-mario_level-w2l3_rep-000.bk2,
sub-03,ses-022,Level2-3,False,True,4872,81.2,1226,80,-1,sub-03_ses-022_task-mario_level-w2l3_rep-001.bk2,
sub-03,ses-023,Level2-3,False,True,3114,51.9,1159,40,-1,sub-03_ses-023_task-mario_level-w2l3_rep-000.bk2,
sub-03,ses-025,Level2-3,False,True,2482,41.36666666666667,1297,0,-1,sub-03_ses-025_task-mario_level-w2l3_rep-000.bk2,
sub-03,ses-025,Level2-3,False,False,3050,50.833333333333336,1664,120,0,sub-03_ses-025_task-mario_level-w2l3_rep-001.bk2,
sub-03,ses-026,Level2-3,False,True,2420,40.333333333333336,781,0,-1,sub-03_ses-026_task-mario_level-w2l3_rep-000.bk2,
sub-03,ses-027,Level2-3,False,True,3317,55.28333333333333,1655,120,-1,sub-03_ses-027_task-mario_level-w2l3_rep-000.bk2,
sub-03,ses-028,Level2-3,False,False,3071,51.18333333333333,3551,280,2,sub-03_ses-028_task-mario_level-w2l3_rep-000.bk2,
sub-03,ses-028,Level2-3,False,True,3748,62.46666666666667,1205,180,-1,sub-03_ses-028_task-mario_level-w2l3_rep-001.bk2,
sub-03,ses-029,Level2-3,False,False,4994,83.23333333333333,3586,360,0,sub-03_ses-029_task-mario_level-w2l3_rep-000.bk2,
sub-05,ses-001,Level2-3,False,True,3323,55.38333333333333,1204,300,-1,sub-05_ses-001_task-mario_level-w2l3_rep-000.bk2,
sub-05,ses-001,Level2-3,False,True,2799,46.65,1486,360,-1,sub-05_ses-001_task-mario_level-w2l3_rep-001.bk2,
sub-05,ses-001,Level2-3,False,True,3187,53.11666666666667,1206,180,-1,sub-05_ses-001_task-mario_level-w2l3_rep-002.bk2,
sub-05,ses-001,Level2-3,False,False,3101,51.68333333333333,1203,160,0,sub-05_ses-001_task-mario_level-w2l3_rep-003.bk2,
sub-05,ses-001,Level2-3,False,True,3123,52.05,1202,200,-1,sub-05_ses-001_task-mario_level-w2l3_rep-004.bk2,
sub-05,ses-001,Level2-3,False,True,2791,46.516666666666666,1248,280,-1,sub-05_ses-001_task-mario_level-w2l3_rep-005.bk2,
sub-05,ses-001,Level2-3,False,True,2596,43.266666666666666,1193,200,-1,sub-05_ses-001_task-mario_level-w2l3_rep-006.bk2,
sub-05,ses-001,Level2-3,False,True,2763,46.05,1249,140,-1,sub-05_ses-001_task-mario_level-w2l3_rep-007.bk2,
sub-05,ses-001,Level2-3,False,True,2760,46.0,1436,60,-1,sub-05_ses-001_task-mario_level-w2l3_rep-008.bk2,
sub-05,ses-001,Level2-3,False,False,2182,36.36666666666667,1158,220,1,sub-05_ses-001_task-mario_level-w2l3_rep-009.bk2,
sub-05,ses-008,Level2-3,False,True,4076,67.93333333333334,1141,160,-1,sub-05_ses-008_task-mario_level-w2l3_rep-000.bk2,
sub-05,ses-009,Level2-3,False,False,2943,49.05,949,160,0,sub-05_ses-009_task-mario_level-w2l3_rep-000.bk2,
sub-05,ses-010,Level2-3,False,True,3561,59.35,1892,260,-1,sub-05_ses-010_task-mario_level-w2l3_rep-000.bk2,
sub-05,ses-011,Level2-3,False,True,3234,53.9,1629,240,-1,sub-05_ses-011_task-mario_level-w2l3_rep-000.bk2,
sub-05,ses-011,Level2-3,False,False,3281,54.68333333333333,1920,140,0,sub-05_ses-011_task-mario_level-w2l3_rep-001.bk2,
sub-05,ses-013,Level2-3,False,False,2524,42.06666666666667,1152,0,1,sub-05_ses-013_task-mario_level-w2l3_rep-000.bk2,
sub-05,ses-013,Level2-3,False,True,4045,67.41666666666667,2071,240,-1,sub-05_ses-013_task-mario_level-w2l3_rep-001.bk2,
sub-05,ses-014,Level2-3,False,True,3702,61.7,1460,140,-1,sub-05_ses-014_task-mario_level-w2l3_rep-000.bk2,
sub-05,ses-014,Level2-3,False,True,3720,62.0,2758,220,-1,sub-05_ses-014_task-mario_level-w2l3_rep-001.bk2,
sub-05,ses-015,Level2-3,False,True,2039,33.983333333333334,1058,0,-1,sub-05_ses-015_task-mario_level-w2l3_rep-000.bk2,
sub-05,ses-016,Level2-3,False,True,3168,52.8,1190,0,-1,sub-05_ses-016_task-mario_level-w2l3_rep-000.bk2,
sub-05,ses-017,Level2-3,False,True,3039,50.65,732,0,-1,sub-05_ses-017_task-mario_level-w2l3_rep-000.bk2,
sub-05,ses-017,Level2-3,False,True,3050,50.833333333333336,1203,80,-1,sub-05_ses-017_task-mario_level-w2l3_rep-001.bk2,
sub-05,ses-018,Level2-3,False,True,3877,64.61666666666666,1028,100,-1,sub-05_ses-018_task-mario_level-w2l3_rep-000.bk2,
sub-05,ses-018,Level2-3,False,True,2516,41.93333333333333,1075,60,-1,sub-05_ses-018_task-mario_level-w2l3_rep-001.bk2,
sub-05,ses-019,Level2-3,False,True,4062,67.7,1887,180,-1,sub-05_ses-019_task-mario_level-w2l3_rep-000.bk2,
sub-05,ses-020,Level2-3,False,True,3995,66.58333333333333,1194,220,-1,sub-05_ses-020_task-mario_level-w2l3_rep-000.bk2,
sub-05,ses-020,Level2-3,False,False,3764,62.733333333333334,2942,520,1,sub-05_ses-020_task-mario_level-w2l3_rep-001.bk2,
sub-05,ses-021,Level2-3,False,True,3830,63.833333333333336,2147,240,-1,sub-05_ses-021_task-mario_level-w2l3_rep-000.bk2,
sub-05,ses-022,Level2-3,False,True,2140,35.666666666666664,835,0,-1,sub-05_ses-022_task-mario_level-w2l3_rep-000.bk2,
sub-05,ses-022,Level2-3,False,True,2534,42.233333333333334,426,0,-1,sub-05_ses-022_task-mario_level-w2l3_rep-001.bk2,
sub-06,ses-001,Level2-3,True,False,4045,67.41666666666667,3593,360,0,sub-06_ses-001_task-mario_level-w2l3_rep-000.bk2,
sub-06,ses-001,Level2-3,False,True,2770,46.166666666666664,1303,0,-1,sub-06_ses-001_task-mario_level-w2l3_rep-001.bk2,
sub-06,ses-001,Level2-3,False,True,2134,35.56666666666667,481,0,-1,sub-06_ses-001_task-mario_level-w2l3_rep-002.bk2,
sub-06,ses-001,Level2-3,False,True,3134,52.233333333333334,1202,200,-1,sub-06_ses-001_task-mario_level-w2l3_rep-003.bk2,
sub-06,ses-001,Level2-3,False,True,3778,62.96666666666667,1224,120,-1,sub-06_ses-001_task-mario_level-w2l3_rep-004.bk2,
sub-06,ses-001,Level2-3,False,False,3308,55.13333333333333,1440,140,0,sub-06_ses-001_task-mario_level-w2l3_rep-005.bk2,
sub-06,ses-001,Level2-3,False,True,2941,49.016666666666666,1577,60,-1,sub-06_ses-001_task-mario_level-w2l3_rep-006.bk2,
sub-06,ses-001,Level2-3,False,True,2823,47.05,883,80,-1,sub-06_ses-001_task-mario_level-w2l3_rep-007.bk2,
sub-06,ses-007,Level2-3,False,True,3422,57.03333333333333,1906,340,-1,sub-06_ses-007_task-mario_level-w2l3_rep-000.bk2,
sub-06,ses-008,Level2-3,False,True,3388,56.46666666666667,1237,240,-1,sub-06_ses-008_task-mario_level-w2l3_rep-000.bk2,
sub-06,ses-009,Level2-3,False,True,3435,57.25,956,200,-1,sub-06_ses-009_task-mario_level-w2l3_rep-000.bk2,
sub-06,ses-011,Level2-3,True,False,3571,59.516666666666666,3593,600,1,sub-06_ses-011_task-mario_level-w2l3_rep-000.bk2,
sub-06,ses-011,Level2-3,True,False,4668,77.8,3593,920,0,sub-06_ses-011_task-mario_level-w2l3_rep-001.bk2,
sub-06,ses-012,Level2-3,True,False,4474,74.56666666666666,3593,980,0,sub-06_ses-012_task-mario_level-w2l3_rep-000.bk2,
sub-06,ses-013,Level2-3,False,True,3439,57.31666666666667,1914,460,-1,sub-06_ses-013_task-mario_level-w2l3_rep-000.bk2,
sub-06,ses-014,Level2-3,False,False,2714,45.233333333333334,1231,220,0,sub-06_ses-014_task-mario_level-w2l3_rep-000.bk2,
sub-06,ses-015,Level2-3,False,False,2819,46.983333333333334,1183,40,0,sub-06_ses-015_task-mario_level-w2l3_rep-000.bk2,
sub-06,ses-015,Level2-3,False,True,2613,43.55,1648,60,-1,sub-06_ses-015_task-mario_level-w2l3_rep-001.bk2,
sub-06,ses-016,Level2-3,False,False,2819,46.983333333333334,1740,60,0,sub-06_ses-016_task-mario_level-w2l3_rep-000.bk2,
sub-06,ses-017,Level2-3,False,False,2714,45.233333333333334,3566,340,2,sub-06_ses-017_task-mario_level-w2l3_rep-000.bk2,
sub-06,ses-019,Level2-3,False,False,2672,44.53333333333333,1919,340,1,sub-06_ses-019_task-mario_level-w2l3_rep-000.bk2,
sub-06,ses-019,Level2-3,False,False,2630,43.833333333333336,1194,160,0,sub-06_ses-019_task-mario_level-w2l3_rep-001.bk2,
sub-06,ses-020,Level2-3,True,False,2172,36.2,3593,300,2,sub-06_ses-020_task-mario_level-w2l3_rep-000.bk2,
sub-06,ses-021,Level2-3,False,True,2891,48.18333333333333,1651,40,-1,sub-06_ses-021_task-mario_level-w2l3_rep-000.bk2,
sub-06,ses-022,Level2-3,True,False,2131,35.516666666666666,3593,380,2,sub-06_ses-022_task-mario_level-w2l3_rep-000.bk2,
sub-06,ses-023,Level2-3,False,False,2861,47.68333333333333,2928,360,0,sub-06_ses-023_task-mario_level-w2l3_rep-000.bk2,
sub-06,ses-023,Level2-3,False,True,2348,39.13333333333333,1663,60,-1,sub-06_ses-023_task-mario_level-w2l3_rep-001.bk2,
sub-06,ses-024,Level2-3,False,True,3019,50.31666666666667,1307,40,-1,sub-06_ses-024_task-mario_level-w2l3_rep-000.bk2,
sub-06,ses-025,Level2-3,True,False,2110,35.166666666666664,3593,240,2,sub-06_ses-025_task-mario_level-w2l3_rep-000.bk2,
sub-01,ses-002,Level3-1,False,True,4914,81.9,2344,540,-1,sub-01_ses-002_task-mario_level-w3l1_rep-000.bk2,
sub-01,ses-002,Level3-1,False,False,4226,70.43333333333334,2229,525,1,sub-01_ses-002_task-mario_level-w3l1_rep-001.bk2,
sub-01,ses-002,Level3-1,False,True,3042,50.7,891,180,-1,sub-01_ses-002_task-mario_level-w3l1_rep-002.bk2,
sub-01,ses-002,Level3-1,False,True,2235,37.25,905,40,-1,sub-01_ses-002_task-mario_level-w3l1_rep-003.bk2,
sub-01,ses-002,Level3-1,False,False,4003,66.71666666666667,1475,160,0,sub-01_ses-002_task-mario_level-w3l1_rep-004.bk2,
sub-01,ses-002,Level3-1,False,True,4861,81.01666666666667,1634,590,-1,sub-01_ses-002_task-mario_level-w3l1_rep-005.bk2,
sub-01,ses-002,Level3-1,False,False,3911,65.18333333333334,2699,240,0,sub-01_ses-002_task-mario_level-w3l1_rep-006.bk2,
sub-01,ses-002,Level3-1,True,False,3957,65.95,3193,345,2,sub-01_ses-002_task-mario_level-w3l1_rep-007.bk2,
sub-01,ses-007,Level3-1,True,False,4105,68.41666666666667,3193,440,1,sub-01_ses-007_task-mario_level-w3l1_rep-001.bk2,
sub-01,ses-007,Level3-1,False,False,3116,51.93333333333333,2677,120,1,sub-01_ses-007_task-mario_level-w3l1_rep-002.bk2,
sub-01,ses-008,Level3-1,False,False,3651,60.85,906,270,0,sub-01_ses-008_task-mario_level-w3l1_rep-000.bk2,
sub-01,ses-008,Level3-1,False,True,4016,66.93333333333334,1846,30,-1,sub-01_ses-008_task-mario_level-w3l1_rep-001.bk2,
sub-01,ses-009,Level3-1,False,True,4643,77.38333333333334,2574,340,-1,sub-01_ses-009_task-mario_level-w3l1_rep-000.bk2,
sub-01,ses-009,Level3-1,False,True,4255,70.91666666666667,1791,100,-1,sub-01_ses-009_task-mario_level-w3l1_rep-001.bk2,
sub-01,ses-010,Level3-1,False,True,3801,63.35,1186,120,-1,sub-01_ses-010_task-mario_level-w3l1_rep-000.bk2,
sub-01,ses-010,Level3-1,False,True,4275,71.25,2400,200,-1,sub-01_ses-010_task-mario_level-w3l1_rep-001.bk2,
sub-01,ses-011,Level3-1,True,False,3555,59.25,3193,120,1,sub-01_ses-011_task-mario_level-w3l1_rep-000.bk2,
sub-01,ses-011,Level3-1,True,False,3489,58.15,3193,220,1,sub-01_ses-011_task-mario_level-w3l1_rep-001.bk2,
sub-01,ses-012,Level3-1,False,True,4040,67.33333333333333,2415,70,-1,sub-01_ses-012_task-mario_level-w3l1_rep-000.bk2,
sub-01,ses-013,Level3-1,False,True,3530,58.833333333333336,1220,210,-1,sub-01_ses-013_task-mario_level-w3l1_rep-000.bk2,
sub-01,ses-014,Level3-1,False,True,4115,68.58333333333333,2163,130,-1,sub-01_ses-014_task-mario_level-w3l1_rep-000.bk2,
sub-01,ses-014,Level3-1,False,True,4246,70.76666666666667,2199,110,-1,sub-01_ses-014_task-mario_level-w3l1_rep-001.bk2,
sub-01,ses-015,Level3-1,True,False,4219,70.31666666666666,3193,740,1,sub-01_ses-015_task-mario_level-w3l1_rep-000.bk2,
sub-01,ses-015,Level3-1,True,False,4571,76.18333333333334,3193,670,1,sub-01_ses-015_task-mario_level-w3l1_rep-001.bk2,
sub-01,ses-015,Level3-1,False,False,4351,72.51666666666667,2710,310,0,sub-01_ses-015_task-mario_level-w3l1_rep-002.bk2,
sub-01,ses-016,Level3-1,False,True,2481,41.35,510,210,-1,sub-01_ses-016_task-mario_level-w3l1_rep-000.bk2,
sub-01,ses-017,Level3-1,False,True,2306,38.43333333333333,607,0,-1,sub-01_ses-017_task-mario_level-w3l1_rep-000.bk2,
sub-01,ses-017,Level3-1,False,False,3641,60.68333333333333,2226,20,0,sub-01_ses-017_task-mario_level-w3l1_rep-001.bk2,
sub-01,ses-018,Level3-1,False,True,3658,60.96666666666667,1454,100,-1,sub-01_ses-018_task-mario_level-w3l1_rep-000.bk2,
sub-01,ses-019,Level3-1,True,False,3341,55.68333333333333,3193,490,1,sub-01_ses-019_task-mario_level-w3l1_rep-000.bk2,
sub-01,ses-020,Level3-1,False,False,3020,50.333333333333336,2162,10,0,sub-01_ses-020_task-mario_level-w3l1_rep-000.bk2,
sub-01,ses-020,Level3-1,False,True,3818,63.63333333333333,1859,220,-1,sub-01_ses-020_task-mario_level-w3l1_rep-001.bk2,
sub-01,ses-021,Level3-1,False,False,4461,74.35,2772,330,0,sub-01_ses-021_task-mario_level-w3l1_rep-000.bk2,
sub-01,ses-021,Level3-1,True,False,1971,32.85,3193,130,2,sub-01_ses-021_task-mario_level-w3l1_rep-001.bk2,
sub-02,ses-002,Level3-1,False,True,4832,80.53333333333333,1463,295,-1,sub-02_ses-002_task-mario_level-w3l1_rep-000.bk2,
sub-02,ses-002,Level3-1,False,True,4105,68.41666666666667,876,130,-1,sub-02_ses-002_task-mario_level-w3l1_rep-001.bk2,
sub-02,ses-002,Level3-1,False,True,3591,59.85,1254,205,-1,sub-02_ses-002_task-mario_level-w3l1_rep-002.bk2,
sub-02,ses-002,Level3-1,False,True,3507,58.45,1516,230,-1,sub-02_ses-002_task-mario_level-w3l1_rep-003.bk2,
sub-02,ses-002,Level3-1,False,True,4007,66.78333333333333,1481,150,-1,sub-02_ses-002_task-mario_level-w3l1_rep-004.bk2,
sub-02,ses-002,Level3-1,False,True,2568,42.8,314,230,-1,sub-02_ses-002_task-mario_level-w3l1_rep-005.bk2,
sub-02,ses-002,Level3-1,False,False,5282,88.03333333333333,2350,390,0,sub-02_ses-002_task-mario_level-w3l1_rep-006.bk2,
sub-02,ses-002,Level3-1,False,True,2793,46.55,574,90,-1,sub-02_ses-002_task-mario_level-w3l1_rep-007.bk2,
sub-02,ses-007,Level3-1,False,True,4671,77.85,876,295,-1,sub-02_ses-007_task-mario_level-w3l1_rep-000.bk2,
sub-02,ses-008,Level3-1,False,True,4155,69.25,1461,70,-1,sub-02_ses-008_task-mario_level-w3l1_rep-000.bk2,
sub-02,ses-009,Level3-1,False,True,5313,88.55,2352,150,-1,sub-02_ses-009_task-mario_level-w3l1_rep-000.bk2,
sub-02,ses-009,Level3-1,False,True,3746,62.43333333333333,1227,100,-1,sub-02_ses-009_task-mario_level-w3l1_rep-001.bk2,
sub-02,ses-010,Level3-1,False,False,7656,127.6,2787,460,0,sub-02_ses-010_task-mario_level-w3l1_rep-000.bk2,
sub-02,ses-011,Level3-1,False,True,3150,52.5,871,150,-1,sub-02_ses-011_task-mario_level-w3l1_rep-000.bk2,
sub-02,ses-011,Level3-1,False,True,6607,110.11666666666666,2770,695,-1,sub-02_ses-011_task-mario_level-w3l1_rep-001.bk2,
sub-02,ses-012,Level3-1,False,False,4301,71.68333333333334,2388,255,1,sub-02_ses-012_task-mario_level-w3l1_rep-000.bk2,
sub-02,ses-012,Level3-1,False,True,3527,58.78333333333333,1186,135,-1,sub-02_ses-012_task-mario_level-w3l1_rep-001.bk2,
sub-02,ses-013,Level3-1,False,True,6346,105.76666666666667,2530,195,-1,sub-02_ses-013_task-mario_level-w3l1_rep-000.bk2,
sub-02,ses-014,Level3-1,False,True,4441,74.01666666666667,1518,195,-1,sub-02_ses-014_task-mario_level-w3l1_rep-000.bk2,
sub-02,ses-015,Level3-1,False,True,4641,77.35,1525,210,-1,sub-02_ses-015_task-mario_level-w3l1_rep-000.bk2,
sub-02,ses-015,Level3-1,False,True,4397,73.28333333333333,1438,150,-1,sub-02_ses-015_task-mario_level-w3l1_rep-001.bk2,
sub-02,ses-016,Level3-1,False,True,7457,124.28333333333333,2216,190,-1,sub-02_ses-016_task-mario_level-w3l1_rep-000.bk2,
sub-02,ses-017,Level3-1,False,False,7207,120.11666666666666,2415,195,0,sub-02_ses-017_task-mario_level-w3l1_rep-000.bk2,
sub-02,ses-018,Level3-1,False,True,6468,107.8,1213,315,-1,sub-02_ses-018_task-mario_level-w3l1_rep-000.bk2,
sub-02,ses-018,Level3-1,False,True,7666,127.76666666666667,1556,500,-1,sub-02_ses-018_task-mario_level-w3l1_rep-001.bk2,
sub-02,ses-020,Level3-1,True,False,5427,90.45,3193,535,1,sub-02_ses-020_task-mario_level-w3l1_rep-000.bk2,
sub-02,ses-020,Level3-1,False,True,6084,101.4,2350,255,-1,sub-02_ses-020_task-mario_level-w3l1_rep-001.bk2,
sub-02,ses-022,Level3-1,True,False,7654,127.56666666666666,3193,640,1,sub-02_ses-022_task-mario_level-w3l1_rep-000.bk2,
sub-02,ses-022,Level3-1,False,True,7300,121.66666666666667,2428,230,-1,sub-02_ses-022_task-mario_level-w3l1_rep-001.bk2,
sub-02,ses-023,Level3-1,True,False,9205,153.41666666666666,3193,1430,0,sub-02_ses-023_task-mario_level-w3l1_rep-000.bk2,
sub-03,ses-002,Level3-1,False,True,6886,114.76666666666667,2116,770,-1,sub-03_ses-002_task-mario_level-w3l1_rep-000.bk2,
sub-03,ses-002,Level3-1,False,True,6717,111.95,878,210,-1,sub-03_ses-002_task-mario_level-w3l1_rep-001.bk2,
sub-03,ses-002,Level3-1,False,True,7379,122.98333333333333,1878,365,-1,sub-03_ses-002_task-mario_level-w3l1_rep-002.bk2,
sub-03,ses-002,Level3-1,False,True,6944,115.73333333333333,1445,290,-1,sub-03_ses-002_task-mario_level-w3l1_rep-003.bk2,
sub-03,ses-002,Level3-1,False,True,4630,77.16666666666667,967,205,-1,sub-03_ses-002_task-mario_level-w3l1_rep-004.bk2,
sub-03,ses-011,Level3-1,False,True,5984,99.73333333333333,1232,300,-1,sub-03_ses-011_task-mario_level-w3l1_rep-000.bk2,
sub-03,ses-012,Level3-1,True,False,8633,143.88333333333333,3193,1215,2,sub-03_ses-012_task-mario_level-w3l1_rep-000.bk2,
sub-03,ses-013,Level3-1,False,False,9671,161.18333333333334,2351,925,0,sub-03_ses-013_task-mario_level-w3l1_rep-000.bk2,
sub-03,ses-014,Level3-1,True,False,7430,123.83333333333333,3193,1350,2,sub-03_ses-014_task-mario_level-w3l1_rep-000.bk2,
sub-03,ses-015,Level3-1,False,True,5133,85.55,1232,340,-1,sub-03_ses-015_task-mario_level-w3l1_rep-000.bk2,
sub-03,ses-016,Level3-1,False,True,6718,111.96666666666667,1848,665,-1,sub-03_ses-016_task-mario_level-w3l1_rep-000.bk2,
sub-03,ses-017,Level3-1,True,False,7139,118.98333333333333,3193,1065,2,sub-03_ses-017_task-mario_level-w3l1_rep-002.bk2,
sub-03,ses-019,Level3-1,False,True,10192,169.86666666666667,2536,1015,-1,sub-03_ses-019_task-mario_level-w3l1_rep-000.bk2,
sub-03,ses-020,Level3-1,True,False,7464,124.4,3193,1190,2,sub-03_ses-020_task-mario_level-w3l1_rep-000.bk2,
sub-03,ses-020,Level3-1,True,False,8103,135.05,3193,1400,2,sub-03_ses-020_task-mario_level-w3l1_rep-001.bk2,
sub-03,ses-021,Level3-1,True,False,7318,121.96666666666667,3193,1440,2,sub-03_ses-021_task-mario_level-w3l1_rep-000.bk2,
sub-03,ses-022,Level3-1,False,True,5291,88.18333333333334,1238,145,-1,sub-03_ses-022_task-mario_level-w3l1_rep-000.bk2,
sub-03,ses-023,Level3-1,False,True,6505,108.41666666666667,1394,285,-1,sub-03_ses-023_task-mario_level-w3l1_rep-000.bk2,
sub-03,ses-025,Level3-1,True,False,6921,115.35,3193,755,2,sub-03_ses-025_task-mario_level-w3l1_rep-000.bk2,
sub-03,ses-025,Level3-1,False,False,13073,217.88333333333333,3007,655,1,sub-03_ses-025_task-mario_level-w3l1_rep-001.bk2,
sub-03,ses-026,Level3-1,False,True,3679,61.31666666666667,897,195,-1,sub-03_ses-026_task-mario_level-w3l1_rep-000.bk2,
sub-03,ses-027,Level3-1,True,False,7642,127.36666666666666,3193,1305,2,sub-03_ses-027_task-mario_level-w3l1_rep-002.bk2,
sub-03,ses-028,Level3-1,False,True,5991,99.85,1536,200,-1,sub-03_ses-028_task-mario_level-w3l1_rep-000.bk2,
sub-03,ses-028,Level3-1,False,True,6415,106.91666666666667,2398,165,-1,sub-03_ses-028_task-mario_level-w3l1_rep-001.bk2,
sub-03,ses-029,Level3-1,False,True,4691,78.18333333333334,900,155,-1,sub-03_ses-029_task-mario_level-w3l1_rep-000.bk2,
sub-03,ses-030,Level3-1,True,False,6695,111.58333333333333,3193,790,1,sub-03_ses-030_task-mario_level-w3l1_rep-000.bk2,
sub-05,ses-002,Level3-1,True,False,14403,240.05,3193,2060,0,sub-05_ses-002_task-mario_level-w3l1_rep-000.bk2,
sub-05,ses-002,Level3-1,False,True,3381,56.35,512,310,-1,sub-05_ses-002_task-mario_level-w3l1_rep-001.bk2,
sub-05,ses-002,Level3-1,False,True,4095,68.25,880,140,-1,sub-05_ses-002_task-mario_level-w3l1_rep-002.bk2,
sub-05,ses-002,Level3-1,False,True,8468,141.13333333333333,1864,640,-1,sub-05_ses-002_task-mario_level-w3l1_rep-003.bk2,
sub-05,ses-008,Level3-1,False,True,4651,77.51666666666667,1423,295,-1,sub-05_ses-008_task-mario_level-w3l1_rep-000.bk2,
sub-05,ses-009,Level3-1,True,False,7262,121.03333333333333,3193,885,1,sub-05_ses-009_task-mario_level-w3l1_rep-000.bk2,
sub-05,ses-010,Level3-1,False,True,3905,65.08333333333333,1513,325,-1,sub-05_ses-010_task-mario_level-w3l1_rep-000.bk2,
sub-05,ses-011,Level3-1,False,True,3867,64.45,873,250,-1,sub-05_ses-011_task-mario_level-w3l1_rep-000.bk2,
sub-05,ses-012,Level3-1,False,True,4489,74.81666666666666,2518,310,-1,sub-05_ses-012_task-mario_level-w3l1_rep-000.bk2,
sub-05,ses-012,Level3-1,False,True,2985,49.75,1464,100,-1,sub-05_ses-012_task-mario_level-w3l1_rep-001.bk2,
sub-05,ses-013,Level3-1,False,True,4275,71.25,610,200,-1,sub-05_ses-013_task-mario_level-w3l1_rep-000.bk2,
sub-05,ses-014,Level3-1,False,True,5374,89.56666666666666,1462,290,-1,sub-05_ses-014_task-mario_level-w3l1_rep-000.bk2,
sub-05,ses-015,Level3-1,False,True,5576,92.93333333333334,2347,470,-1,sub-05_ses-015_task-mario_level-w3l1_rep-000.bk2,
sub-05,ses-015,Level3-1,False,True,5241,87.35,2213,220,-1,sub-05_ses-015_task-mario_level-w3l1_rep-001.bk2,
sub-05,ses-016,Level3-1,False,True,10360,172.66666666666666,2216,245,-1,sub-05_ses-016_task-mario_level-w3l1_rep-000.bk2,
sub-05,ses-017,Level3-1,True,False,7751,129.18333333333334,3193,830,0,sub-05_ses-017_task-mario_level-w3l1_rep-000.bk2,
sub-05,ses-017,Level3-1,False,True,3191,53.18333333333333,885,90,-1,sub-05_ses-017_task-mario_level-w3l1_rep-001.bk2,
sub-05,ses-018,Level3-1,False,True,2369,39.483333333333334,368,120,-1,sub-05_ses-018_task-mario_level-w3l1_rep-000.bk2,
sub-05,ses-019,Level3-1,True,False,6639,110.65,3193,505,1,sub-05_ses-019_task-mario_level-w3l1_rep-000.bk2,
sub-05,ses-019,Level3-1,False,True,2907,48.45,873,320,-1,sub-05_ses-019_task-mario_level-w3l1_rep-001.bk2,
sub-05,ses-020,Level3-1,False,True,4915,81.91666666666667,1532,215,-1,sub-05_ses-020_task-mario_level-w3l1_rep-000.bk2,
sub-05,ses-020,Level3-1,False,True,4560,76.0,1429,290,-1,sub-05_ses-020_task-mario_level-w3l1_rep-001.bk2,
sub-05,ses-021,Level3-1,False,True,6397,106.61666666666666,2354,430,-1,sub-05_ses-021_task-mario_level-w3l1_rep-000.bk2,
sub-05,ses-022,Level3-1,True,False,4952,82.53333333333333,3193,580,3,sub-05_ses-022_task-mario_level-w3l1_rep-000.bk2,
sub-05,ses-022,Level3-1,False,True,6318,105.3,2963,700,-1,sub-05_ses-022_task-mario_level-w3l1_rep-001.bk2,
sub-06,ses-002,Level3-1,True,False,15872,264.53333333333336,3193,1455,1,sub-06_ses-002_task-mario_level-w3l1_rep-000.bk2,
sub-06,ses-002,Level3-1,True,False,10289,171.48333333333332,3193,1395,2,sub-06_ses-002_task-mario_level-w3l1_rep-001.bk2,
sub-06,ses-002,Level3-1,False,True,5557,92.61666666666666,1060,200,-1,sub-06_ses-002_task-mario_level-w3l1_rep-002.bk2,
sub-06,ses-007,Level3-1,False,True,9550,159.16666666666666,2854,1435,-1,sub-06_ses-007_task-mario_level-w3l1_rep-000.bk2,
sub-06,ses-008,Level3-1,True,False,8713,145.21666666666667,3193,1475,2,sub-06_ses-008_task-mario_level-w3l1_rep-000.bk2,
sub-06,ses-009,Level3-1,True,False,9722,162.03333333333333,3193,1390,2,sub-06_ses-009_task-mario_level-w3l1_rep-000.bk2,
sub-06,ses-011,Level3-1,False,True,9084,151.4,2347,855,-1,sub-06_ses-011_task-mario_level-w3l1_rep-000.bk2,
sub-06,ses-011,Level3-1,True,False,6921,115.35,3193,1305,2,sub-06_ses-011_task-mario_level-w3l1_rep-001.bk2,
sub-06,ses-012,Level3-1,False,True,5425,90.41666666666667,806,180,-1,sub-06_ses-012_task-mario_level-w3l1_rep-000.bk2,
sub-06,ses-013,Level3-1,True,False,7694,128.23333333333332,3193,1680,2,sub-06_ses-013_task-mario_level-w3l1_rep-000.bk2,
sub-06,ses-013,Level3-1,True,False,17451,290.85,3193,2500,0,sub-06_ses-013_task-mario_level-w3l1_rep-001.bk2,
sub-06,ses-014,Level3-1,False,True,3827,63.78333333333333,895,185,-1,sub-06_ses-014_task-mario_level-w3l1_rep-000.bk2,
sub-06,ses-015,Level3-1,True,False,7789,129.81666666666666,3193,1570,2,sub-06_ses-015_task-mario_level-w3l1_rep-000.bk2,
sub-06,ses-016,Level3-1,True,False,8073,134.55,3193,1615,2,sub-06_ses-016_task-mario_level-w3l1_rep-000.bk2,
sub-06,ses-017,Level3-1,False,True,4305,71.75,832,160,-1,sub-06_ses-017_task-mario_level-w3l1_rep-000.bk2,
sub-06,ses-019,Level3-1,True,False,8895,148.25,3193,1375,2,sub-06_ses-019_task-mario_level-w3l1_rep-000.bk2,
sub-06,ses-019,Level3-1,True,False,8530,142.16666666666666,3193,1690,2,sub-06_ses-019_task-mario_level-w3l1_rep-001.bk2,
sub-06,ses-020,Level3-1,False,True,4654,77.56666666666666,873,170,-1,sub-06_ses-020_task-mario_level-w3l1_rep-000.bk2,
sub-06,ses-022,Level3-1,True,False,8432,140.53333333333333,3193,1690,2,sub-06_ses-022_task-mario_level-w3l1_rep-000.bk2,
sub-06,ses-023,Level3-1,False,True,6061,101.01666666666667,908,160,-1,sub-06_ses-023_task-mario_level-w3l1_rep-000.bk2,
sub-06,ses-023,Level3-1,True,False,6884,114.73333333333333,3193,1460,2,sub-06_ses-023_task-mario_level-w3l1_rep-001.bk2,
sub-06,ses-024,Level3-1,True,False,7518,125.3,3193,1460,2,sub-06_ses-024_task-mario_level-w3l1_rep-000.bk2,
sub-06,ses-024,Level3-1,True,False,7797,129.95,3193,1685,2,sub-06_ses-024_task-mario_level-w3l1_rep-001.bk2,
sub-06,ses-025,Level3-1,True,False,8692,144.86666666666667,3193,1745,2,sub-06_ses-025_task-mario_level-w3l1_rep-000.bk2,
sub-01,ses-002,Level3-2,True,False,3282,54.7,3337,220,0,sub-01_ses-002_task-mario_level-w3l2_rep-000.bk2,
sub-01,ses-002,Level3-2,False,True,2806,46.766666666666666,2142,220,-1,sub-01_ses-002_task-mario_level-w3l2_rep-001.bk2,
sub-01,ses-002,Level3-2,False,True,2560,42.666666666666664,1498,160,-1,sub-01_ses-002_task-mario_level-w3l2_rep-002.bk2,
sub-01,ses-002,Level3-2,False,True,3120,52.0,1877,180,-1,sub-01_ses-002_task-mario_level-w3l2_rep-003.bk2,
sub-01,ses-002,Level3-2,True,False,2744,45.733333333333334,3337,300,1,sub-01_ses-002_task-mario_level-w3l2_rep-004.bk2,
sub-01,ses-002,Level3-2,False,False,2592,43.2,1251,320,0,sub-01_ses-002_task-mario_level-w3l2_rep-005.bk2,
sub-01,ses-002,Level3-2,False,False,3458,57.63333333333333,3119,250,1,sub-01_ses-002_task-mario_level-w3l2_rep-006.bk2,
sub-01,ses-002,Level3-2,False,True,2953,49.21666666666667,1236,70,-1,sub-01_ses-002_task-mario_level-w3l2_rep-007.bk2,
sub-01,ses-002,Level3-2,False,True,2673,44.55,1098,230,-1,sub-01_ses-002_task-mario_level-w3l2_rep-008.bk2,
sub-01,ses-002,Level3-2,False,True,1455,24.25,392,0,-1,sub-01_ses-002_task-mario_level-w3l2_rep-009.bk2,
sub-01,ses-007,Level3-2,True,False,2866,47.766666666666666,3337,250,1,sub-01_ses-007_task-mario_level-w3l2_rep-000.bk2,
sub-01,ses-007,Level3-2,False,False,2773,46.21666666666667,3297,300,2,sub-01_ses-007_task-mario_level-w3l2_rep-001.bk2,
sub-01,ses-008,Level3-2,True,False,2041,34.016666666666666,3337,300,2,sub-01_ses-008_task-mario_level-w3l2_rep-000.bk2,
sub-01,ses-008,Level3-2,True,False,3466,57.766666666666666,3337,140,0,sub-01_ses-008_task-mario_level-w3l2_rep-001.bk2,
sub-01,ses-009,Level3-2,False,False,2878,47.96666666666667,2104,210,0,sub-01_ses-009_task-mario_level-w3l2_rep-000.bk2,
sub-01,ses-009,Level3-2,False,True,2091,34.85,1445,60,-1,sub-01_ses-009_task-mario_level-w3l2_rep-001.bk2,
sub-01,ses-009,Level3-2,False,True,3523,58.71666666666667,2690,120,-1,sub-01_ses-009_task-mario_level-w3l2_rep-002.bk2,
sub-01,ses-010,Level3-2,True,False,3332,55.53333333333333,3337,220,1,sub-01_ses-010_task-mario_level-w3l2_rep-000.bk2,
sub-01,ses-011,Level3-2,True,False,2100,35.0,3337,570,2,sub-01_ses-011_task-mario_level-w3l2_rep-000.bk2,
sub-01,ses-011,Level3-2,False,False,3433,57.21666666666667,2211,250,0,sub-01_ses-011_task-mario_level-w3l2_rep-001.bk2,
sub-01,ses-012,Level3-2,True,False,2929,48.81666666666667,3337,400,1,sub-01_ses-012_task-mario_level-w3l2_rep-000.bk2,
sub-01,ses-013,Level3-2,True,False,2351,39.18333333333333,3337,170,1,sub-01_ses-013_task-mario_level-w3l2_rep-000.bk2,
sub-01,ses-014,Level3-2,True,False,2424,40.4,3337,980,2,sub-01_ses-014_task-mario_level-w3l2_rep-000.bk2,
sub-01,ses-014,Level3-2,True,False,3513,58.55,3337,230,0,sub-01_ses-014_task-mario_level-w3l2_rep-001.bk2,
sub-01,ses-014,Level3-2,False,True,2306,38.43333333333333,1427,70,-1,sub-01_ses-014_task-mario_level-w3l2_rep-002.bk2,
sub-01,ses-015,Level3-2,False,False,2365,39.416666666666664,2142,120,0,sub-01_ses-015_task-mario_level-w3l2_rep-000.bk2,
sub-01,ses-015,Level3-2,False,False,2550,42.5,2200,190,0,sub-01_ses-015_task-mario_level-w3l2_rep-001.bk2,
sub-01,ses-016,Level3-2,False,False,2844,47.4,2102,230,0,sub-01_ses-016_task-mario_level-w3l2_rep-000.bk2,
sub-01,ses-017,Level3-2,False,False,3011,50.18333333333333,1740,170,0,sub-01_ses-017_task-mario_level-w3l2_rep-000.bk2,
sub-01,ses-017,Level3-2,True,False,2201,36.68333333333333,3337,220,2,sub-01_ses-017_task-mario_level-w3l2_rep-001.bk2,
sub-01,ses-018,Level3-2,False,False,2571,42.85,3124,570,2,sub-01_ses-018_task-mario_level-w3l2_rep-000.bk2,
sub-01,ses-019,Level3-2,True,False,1751,29.183333333333334,3337,160,2,sub-01_ses-019_task-mario_level-w3l2_rep-000.bk2,
sub-01,ses-020,Level3-2,True,False,2200,36.666666666666664,3337,230,2,sub-01_ses-020_task-mario_level-w3l2_rep-000.bk2,
sub-01,ses-020,Level3-2,True,False,2021,33.68333333333333,3337,320,2,sub-01_ses-020_task-mario_level-w3l2_rep-001.bk2,
sub-01,ses-021,Level3-2,False,False,2403,40.05,2195,320,1,sub-01_ses-021_task-mario_level-w3l2_rep-000.bk2,
sub-01,ses-021,Level3-2,False,True,1997,33.28333333333333,1244,140,-1,sub-01_ses-021_task-mario_level-w3l2_rep-001.bk2,
sub-02,ses-002,Level3-2,True,False,4114,68.56666666666666,3337,320,1,sub-02_ses-002_task-mario_level-w3l2_rep-000.bk2,
sub-02,ses-002,Level3-2,False,True,2117,35.28333333333333,1099,40,-1,sub-02_ses-002_task-mario_level-w3l2_rep-001.bk2,
sub-02,ses-002,Level3-2,False,True,3071,51.18333333333333,2703,140,-1,sub-02_ses-002_task-mario_level-w3l2_rep-002.bk2,
sub-02,ses-002,Level3-2,False,True,2699,44.983333333333334,2192,80,-1,sub-02_ses-002_task-mario_level-w3l2_rep-003.bk2,
sub-02,ses-002,Level3-2,False,False,2995,49.916666666666664,1708,50,1,sub-02_ses-002_task-mario_level-w3l2_rep-004.bk2,
sub-02,ses-002,Level3-2,False,False,2268,37.8,1017,80,0,sub-02_ses-002_task-mario_level-w3l2_rep-005.bk2,
sub-02,ses-002,Level3-2,False,False,2549,42.483333333333334,1437,140,0,sub-02_ses-002_task-mario_level-w3l2_rep-006.bk2,
sub-02,ses-002,Level3-2,False,False,3218,53.63333333333333,2813,170,0,sub-02_ses-002_task-mario_level-w3l2_rep-007.bk2,
sub-02,ses-002,Level3-2,False,True,1920,32.0,1186,70,-1,sub-02_ses-002_task-mario_level-w3l2_rep-008.bk2,
sub-02,ses-002,Level3-2,True,False,2018,33.63333333333333,3337,150,2,sub-02_ses-002_task-mario_level-w3l2_rep-009.bk2,
sub-02,ses-002,Level3-2,False,True,2996,49.93333333333333,2836,70,-1,sub-02_ses-002_task-mario_level-w3l2_rep-010.bk2,
sub-02,ses-002,Level3-2,False,True,1744,29.066666666666666,1015,50,-1,sub-02_ses-002_task-mario_level-w3l2_rep-011.bk2,
sub-02,ses-007,Level3-2,False,True,3001,50.016666666666666,1250,320,-1,sub-02_ses-007_task-mario_level-w3l2_rep-000.bk2,
sub-02,ses-008,Level3-2,False,True,1626,27.1,484,10,-1,sub-02_ses-008_task-mario_level-w3l2_rep-000.bk2,
sub-02,ses-009,Level3-2,False,True,3599,59.983333333333334,2200,180,-1,sub-02_ses-009_task-mario_level-w3l2_rep-000.bk2,
sub-02,ses-009,Level3-2,False,True,4463,74.38333333333334,1427,740,-1,sub-02_ses-009_task-mario_level-w3l2_rep-001.bk2,
sub-02,ses-010,Level3-2,False,True,2955,49.25,1237,300,-1,sub-02_ses-010_task-mario_level-w3l2_rep-000.bk2,
sub-02,ses-010,Level3-2,False,False,3163,52.71666666666667,3295,250,2,sub-02_ses-010_task-mario_level-w3l2_rep-001.bk2,
sub-02,ses-011,Level3-2,True,False,3046,50.766666666666666,3337,360,2,sub-02_ses-011_task-mario_level-w3l2_rep-000.bk2,
sub-02,ses-012,Level3-2,True,False,3202,53.36666666666667,3337,450,2,sub-02_ses-012_task-mario_level-w3l2_rep-000.bk2,
sub-02,ses-013,Level3-2,True,False,3685,61.416666666666664,3337,485,2,sub-02_ses-013_task-mario_level-w3l2_rep-000.bk2,
sub-02,ses-013,Level3-2,True,False,3207,53.45,3337,530,2,sub-02_ses-013_task-mario_level-w3l2_rep-001.bk2,
sub-02,ses-014,Level3-2,False,True,2721,45.35,1231,340,-1,sub-02_ses-014_task-mario_level-w3l2_rep-000.bk2,
sub-02,ses-015,Level3-2,False,False,4354,72.56666666666666,2802,990,0,sub-02_ses-015_task-mario_level-w3l2_rep-000.bk2,
sub-02,ses-016,Level3-2,False,True,3022,50.36666666666667,1298,200,-1,sub-02_ses-016_task-mario_level-w3l2_rep-000.bk2,
sub-02,ses-017,Level3-2,False,True,4522,75.36666666666666,2606,600,-1,sub-02_ses-017_task-mario_level-w3l2_rep-000.bk2,
sub-02,ses-017,Level3-2,False,False,3810,63.5,3171,810,2,sub-02_ses-017_task-mario_level-w3l2_rep-001.bk2,
sub-02,ses-018,Level3-2,False,True,1959,32.65,580,40,-1,sub-02_ses-018_task-mario_level-w3l2_rep-000.bk2,
sub-02,ses-019,Level3-2,False,True,3693,61.55,1430,250,-1,sub-02_ses-019_task-mario_level-w3l2_rep-000.bk2,
sub-02,ses-020,Level3-2,False,True,1644,27.4,484,20,-1,sub-02_ses-020_task-mario_level-w3l2_rep-000.bk2,
sub-02,ses-020,Level3-2,True,False,5459,90.98333333333333,3337,885,1,sub-02_ses-020_task-mario_level-w3l2_rep-001.bk2,
sub-02,ses-021,Level3-2,False,True,2736,45.6,1423,190,-1,sub-02_ses-021_task-mario_level-w3l2_rep-000.bk2,
sub-02,ses-022,Level3-2,True,False,5600,93.33333333333333,3337,1070,1,sub-02_ses-022_task-mario_level-w3l2_rep-002.bk2,
sub-02,ses-023,Level3-2,False,True,2444,40.733333333333334,1095,80,-1,sub-02_ses-023_task-mario_level-w3l2_rep-000.bk2,
sub-02,ses-023,Level3-2,True,False,2838,47.3,3337,375,2,sub-02_ses-023_task-mario_level-w3l2_rep-001.bk2,
sub-03,ses-003,Level3-2,False,True,5671,94.51666666666667,1298,690,-1,sub-03_ses-003_task-mario_level-w3l2_rep-000.bk2,
sub-03,ses-003,Level3-2,False,False,7174,119.56666666666666,2816,380,0,sub-03_ses-003_task-mario_level-w3l2_rep-001.bk2,
sub-03,ses-003,Level3-2,False,True,6450,107.5,3056,520,-1,sub-03_ses-003_task-mario_level-w3l2_rep-002.bk2,
sub-03,ses-003,Level3-2,True,False,3955,65.91666666666667,3337,470,2,sub-03_ses-003_task-mario_level-w3l2_rep-003.bk2,
sub-03,ses-003,Level3-2,True,False,6099,101.65,3337,490,1,sub-03_ses-003_task-mario_level-w3l2_rep-004.bk2,
sub-03,ses-003,Level3-2,True,False,3736,62.266666666666666,3337,330,2,sub-03_ses-003_task-mario_level-w3l2_rep-005.bk2,
sub-03,ses-010,Level3-2,False,True,3854,64.23333333333333,1427,220,-1,sub-03_ses-010_task-mario_level-w3l2_rep-000.bk2,
sub-03,ses-012,Level3-2,True,False,4653,77.55,3337,290,1,sub-03_ses-012_task-mario_level-w3l2_rep-000.bk2,
sub-03,ses-014,Level3-2,False,True,3435,57.25,2068,290,-1,sub-03_ses-014_task-mario_level-w3l2_rep-000.bk2,
sub-03,ses-015,Level3-2,False,True,4068,67.8,2127,350,-1,sub-03_ses-015_task-mario_level-w3l2_rep-000.bk2,
sub-03,ses-015,Level3-2,True,False,3199,53.31666666666667,3337,480,2,sub-03_ses-015_task-mario_level-w3l2_rep-001.bk2,
sub-03,ses-016,Level3-2,True,False,6118,101.96666666666667,3337,280,0,sub-03_ses-016_task-mario_level-w3l2_rep-000.bk2,
sub-03,ses-018,Level3-2,False,True,4257,70.95,2142,120,-1,sub-03_ses-018_task-mario_level-w3l2_rep-000.bk2,
sub-03,ses-019,Level3-2,True,False,4405,73.41666666666667,3337,280,1,sub-03_ses-019_task-mario_level-w3l2_rep-000.bk2,
sub-03,ses-020,Level3-2,False,True,2922,48.7,1429,200,-1,sub-03_ses-020_task-mario_level-w3l2_rep-000.bk2,
sub-03,ses-020,Level3-2,False,True,3567,59.45,1432,120,-1,sub-03_ses-020_task-mario_level-w3l2_rep-001.bk2,
sub-03,ses-021,Level3-2,False,False,4119,68.65,2099,460,1,sub-03_ses-021_task-mario_level-w3l2_rep-000.bk2,
sub-03,ses-023,Level3-2,True,False,5439,90.65,3337,415,1,sub-03_ses-023_task-mario_level-w3l2_rep-000.bk2,
sub-03,ses-024,Level3-2,False,True,2143,35.71666666666667,662,70,-1,sub-03_ses-024_task-mario_level-w3l2_rep-000.bk2,
sub-03,ses-025,Level3-2,False,True,3167,52.78333333333333,1447,330,-1,sub-03_ses-025_task-mario_level-w3l2_rep-000.bk2,
sub-03,ses-025,Level3-2,True,False,3766,62.766666666666666,3337,685,2,sub-03_ses-025_task-mario_level-w3l2_rep-003.bk2,
sub-03,ses-027,Level3-2,False,True,2917,48.61666666666667,1402,280,-1,sub-03_ses-027_task-mario_level-w3l2_rep-000.bk2,
sub-03,ses-027,Level3-2,False,False,5697,94.95,3295,985,1,sub-03_ses-027_task-mario_level-w3l2_rep-001.bk2,
sub-03,ses-028,Level3-2,True,False,3513,58.55,3337,680,2,sub-03_ses-028_task-mario_level-w3l2_rep-000.bk2,
sub-03,ses-028,Level3-2,True,False,3357,55.95,3337,585,2,sub-03_ses-028_task-mario_level-w3l2_rep-001.bk2,
sub-03,ses-029,Level3-2,True,False,4291,71.51666666666667,3337,655,2,sub-03_ses-029_task-mario_level-w3l2_rep-000.bk2,
sub-05,ses-002,Level3-2,True,False,7404,123.4,3337,1420,0,sub-05_ses-002_task-mario_level-w3l2_rep-000.bk2,
sub-05,ses-002,Level3-2,False,True,2123,35.38333333333333,693,1380,-1,sub-05_ses-002_task-mario_level-w3l2_rep-001.bk2,
sub-05,ses-002,Level3-2,False,True,4437,73.95,1843,290,-1,sub-05_ses-002_task-mario_level-w3l2_rep-002.bk2,
sub-05,ses-002,Level3-2,False,True,1772,29.533333333333335,355,50,-1,sub-05_ses-002_task-mario_level-w3l2_rep-003.bk2,
sub-05,ses-002,Level3-2,False,False,4159,69.31666666666666,2887,355,0,sub-05_ses-002_task-mario_level-w3l2_rep-004.bk2,
sub-05,ses-002,Level3-2,False,True,3290,54.833333333333336,1424,290,-1,sub-05_ses-002_task-mario_level-w3l2_rep-005.bk2,
sub-05,ses-002,Level3-2,True,False,4915,81.91666666666667,3337,710,1,sub-05_ses-002_task-mario_level-w3l2_rep-006.bk2,
sub-05,ses-009,Level3-2,False,True,2812,46.86666666666667,1413,260,-1,sub-05_ses-009_task-mario_level-w3l2_rep-000.bk2,
sub-05,ses-009,Level3-2,False,True,3673,61.21666666666667,2131,290,-1,sub-05_ses-009_task-mario_level-w3l2_rep-001.bk2,
sub-05,ses-010,Level3-2,True,False,6059,100.98333333333333,3337,510,0,sub-05_ses-010_task-mario_level-w3l2_rep-000.bk2,
sub-05,ses-011,Level3-2,True,False,3407,56.78333333333333,3337,340,2,sub-05_ses-011_task-mario_level-w3l2_rep-000.bk2,
sub-05,ses-012,Level3-2,True,False,6096,101.6,3337,1130,0,sub-05_ses-012_task-mario_level-w3l2_rep-000.bk2,
sub-05,ses-013,Level3-2,False,True,3223,53.71666666666667,1423,320,-1,sub-05_ses-013_task-mario_level-w3l2_rep-000.bk2,
sub-05,ses-013,Level3-2,True,False,2537,42.28333333333333,3337,160,2,sub-05_ses-013_task-mario_level-w3l2_rep-001.bk2,
sub-05,ses-013,Level3-2,False,True,3302,55.03333333333333,1363,290,-1,sub-05_ses-013_task-mario_level-w3l2_rep-002.bk2,
sub-05,ses-014,Level3-2,False,True,2940,49.0,1448,270,-1,sub-05_ses-014_task-mario_level-w3l2_rep-000.bk2,
sub-05,ses-015,Level3-2,False,False,4012,66.86666666666666,3332,750,2,sub-05_ses-015_task-mario_level-w3l2_rep-000.bk2,
sub-05,ses-016,Level3-2,False,True,3443,57.38333333333333,1443,160,-1,sub-05_ses-016_task-mario_level-w3l2_rep-000.bk2,
sub-05,ses-016,Level3-2,True,False,3428,57.13333333333333,3337,540,2,sub-05_ses-016_task-mario_level-w3l2_rep-001.bk2,
sub-05,ses-017,Level3-2,False,True,2746,45.766666666666666,1242,290,-1,sub-05_ses-017_task-mario_level-w3l2_rep-000.bk2,
sub-05,ses-018,Level3-2,True,False,3846,64.1,3337,880,2,sub-05_ses-018_task-mario_level-w3l2_rep-000.bk2,
sub-05,ses-019,Level3-2,False,True,6088,101.46666666666667,2790,1390,-1,sub-05_ses-019_task-mario_level-w3l2_rep-000.bk2,
sub-05,ses-019,Level3-2,False,True,4345,72.41666666666667,2239,640,-1,sub-05_ses-019_task-mario_level-w3l2_rep-001.bk2,
sub-05,ses-020,Level3-2,False,True,5685,94.75,2765,1200,-1,sub-05_ses-020_task-mario_level-w3l2_rep-000.bk2,
sub-05,ses-020,Level3-2,False,True,3115,51.916666666666664,1250,310,-1,sub-05_ses-020_task-mario_level-w3l2_rep-001.bk2,
sub-05,ses-021,Level3-2,False,True,2338,38.96666666666667,1001,60,-1,sub-05_ses-021_task-mario_level-w3l2_rep-000.bk2,
sub-05,ses-022,Level3-2,False,True,2127,35.45,705,170,-1,sub-05_ses-022_task-mario_level-w3l2_rep-000.bk2,
sub-05,ses-022,Level3-2,False,True,2642,44.03333333333333,1250,540,-1,sub-05_ses-022_task-mario_level-w3l2_rep-001.bk2,
sub-06,ses-002,Level3-2,True,False,5018,83.63333333333334,3337,3495,2,sub-06_ses-002_task-mario_level-w3l2_rep-000.bk2,
sub-06,ses-002,Level3-2,False,True,5246,87.43333333333334,2394,2360,-1,sub-06_ses-002_task-mario_level-w3l2_rep-001.bk2,
sub-06,ses-002,Level3-2,False,True,2207,36.78333333333333,597,480,-1,sub-06_ses-002_task-mario_level-w3l2_rep-002.bk2,
sub-06,ses-002,Level3-2,False,True,3732,62.2,1255,1630,-1,sub-06_ses-002_task-mario_level-w3l2_rep-003.bk2,
sub-06,ses-002,Level3-2,False,True,2613,43.55,475,280,-1,sub-06_ses-002_task-mario_level-w3l2_rep-004.bk2,
sub-06,ses-002,Level3-2,False,False,2778,46.3,2146,50,0,sub-06_ses-002_task-mario_level-w3l2_rep-005.bk2,
sub-06,ses-007,Level3-2,False,True,3871,64.51666666666667,2203,1970,-1,sub-06_ses-007_task-mario_level-w3l2_rep-000.bk2,
sub-06,ses-008,Level3-2,True,False,7427,123.78333333333333,3337,5930,0,sub-06_ses-008_task-mario_level-w3l2_rep-000.bk2,
sub-06,ses-009,Level3-2,True,False,4553,75.88333333333334,3337,2135,2,sub-06_ses-009_task-mario_level-w3l2_rep-000.bk2,
sub-06,ses-010,Level3-2,False,True,3387,56.45,1018,670,-1,sub-06_ses-010_task-mario_level-w3l2_rep-000.bk2,
sub-06,ses-011,Level3-2,False,True,3375,56.25,1453,350,-1,sub-06_ses-011_task-mario_level-w3l2_rep-000.bk2,
sub-06,ses-012,Level3-2,False,True,4221,70.35,2132,1860,-1,sub-06_ses-012_task-mario_level-w3l2_rep-000.bk2,
sub-06,ses-012,Level3-2,False,True,3882,64.7,2207,1950,-1,sub-06_ses-012_task-mario_level-w3l2_rep-001.bk2,
sub-06,ses-013,Level3-2,False,True,3679,61.31666666666667,1437,230,-1,sub-06_ses-013_task-mario_level-w3l2_rep-000.bk2,
sub-06,ses-014,Level3-2,False,True,3846,64.1,1448,2030,-1,sub-06_ses-014_task-mario_level-w3l2_rep-000.bk2,
sub-06,ses-015,Level3-2,False,True,2384,39.733333333333334,1058,2220,-1,sub-06_ses-015_task-mario_level-w3l2_rep-000.bk2,
sub-06,ses-016,Level3-2,False,True,2820,47.0,1020,1440,-1,sub-06_ses-016_task-mario_level-w3l2_rep-000.bk2,
sub-06,ses-017,Level3-2,False,False,3264,54.4,3330,1845,2,sub-06_ses-017_task-mario_level-w3l2_rep-000.bk2,
sub-06,ses-019,Level3-2,False,False,3453,57.55,2207,1980,0,sub-06_ses-019_task-mario_level-w3l2_rep-000.bk2,
sub-06,ses-020,Level3-2,True,False,2784,46.4,3337,525,2,sub-06_ses-020_task-mario_level-w3l2_rep-000.bk2,
sub-06,ses-020,Level3-2,False,True,2033,33.88333333333333,986,1440,-1,sub-06_ses-020_task-mario_level-w3l2_rep-001.bk2,
sub-06,ses-022,Level3-2,False,False,3243,54.05,3297,635,2,sub-06_ses-022_task-mario_level-w3l2_rep-000.bk2,
sub-06,ses-022,Level3-2,False,True,2452,40.86666666666667,1436,120,-1,sub-06_ses-022_task-mario_level-w3l2_rep-001.bk2,
sub-06,ses-023,Level3-2,False,True,2448,40.8,1251,310,-1,sub-06_ses-023_task-mario_level-w3l2_rep-000.bk2,
sub-06,ses-023,Level3-2,True,False,2319,38.65,3337,490,2,sub-06_ses-023_task-mario_level-w3l2_rep-001.bk2,
sub-06,ses-024,Level3-2,False,True,2442,40.7,1235,500,-1,sub-06_ses-024_task-mario_level-w3l2_rep-000.bk2,
sub-06,ses-025,Level3-2,False,False,3810,63.5,2128,190,0,sub-06_ses-025_task-mario_level-w3l2_rep-000.bk2,
sub-01,ses-003,Level3-3,True,False,4255,70.91666666666667,2420,490,1,sub-01_ses-003_task-mario_level-w3l3_rep-000.bk2,
sub-01,ses-003,Level3-3,False,False,2607,43.45,1481,240,0,sub-01_ses-003_task-mario_level-w3l3_rep-001.bk2,
sub-01,ses-003,Level3-3,False,True,2181,36.35,853,40,-1,sub-01_ses-003_task-mario_level-w3l3_rep-002.bk2,
sub-01,ses-003,Level3-3,False,False,3006,50.1,816,80,0,sub-01_ses-003_task-mario_level-w3l3_rep-003.bk2,
sub-01,ses-003,Level3-3,True,False,3304,55.06666666666667,2420,480,0,sub-01_ses-003_task-mario_level-w3l3_rep-004.bk2,
sub-01,ses-003,Level3-3,False,True,3056,50.93333333333333,1102,210,-1,sub-01_ses-003_task-mario_level-w3l3_rep-005.bk2,
sub-01,ses-003,Level3-3,False,False,2536,42.266666666666666,1460,160,0,sub-01_ses-003_task-mario_level-w3l3_rep-006.bk2,
sub-01,ses-003,Level3-3,False,False,2397,39.95,1098,340,0,sub-01_ses-003_task-mario_level-w3l3_rep-007.bk2,
sub-01,ses-003,Level3-3,False,True,2405,40.083333333333336,1100,170,-1,sub-01_ses-003_task-mario_level-w3l3_rep-008.bk2,
sub-01,ses-003,Level3-3,False,False,2565,42.75,1477,250,0,sub-01_ses-003_task-mario_level-w3l3_rep-009.bk2,
sub-01,ses-006,Level3-3,False,True,2728,45.46666666666667,1086,220,-1,sub-01_ses-006_task-mario_level-w3l3_rep-000.bk2,
sub-01,ses-007,Level3-3,False,False,2527,42.11666666666667,1603,220,1,sub-01_ses-007_task-mario_level-w3l3_rep-000.bk2,
sub-01,ses-008,Level3-3,True,False,3836,63.93333333333333,2409,560,1,sub-01_ses-008_task-mario_level-w3l3_rep-000.bk2,
sub-01,ses-008,Level3-3,False,False,2473,41.21666666666667,1088,220,0,sub-01_ses-008_task-mario_level-w3l3_rep-001.bk2,
sub-01,ses-008,Level3-3,False,False,2422,40.36666666666667,2282,270,1,sub-01_ses-008_task-mario_level-w3l3_rep-002.bk2,
sub-01,ses-009,Level3-3,False,False,2254,37.56666666666667,2242,320,1,sub-01_ses-009_task-mario_level-w3l3_rep-000.bk2,
sub-01,ses-009,Level3-3,False,True,2661,44.35,1125,180,-1,sub-01_ses-009_task-mario_level-w3l3_rep-001.bk2,
sub-01,ses-010,Level3-3,False,True,3380,56.333333333333336,2271,370,-1,sub-01_ses-010_task-mario_level-w3l3_rep-000.bk2,
sub-01,ses-010,Level3-3,False,True,2585,43.083333333333336,1100,90,-1,sub-01_ses-010_task-mario_level-w3l3_rep-001.bk2,
sub-01,ses-011,Level3-3,False,False,2086,34.766666666666666,1054,90,0,sub-01_ses-011_task-mario_level-w3l3_rep-000.bk2,
sub-01,ses-012,Level3-3,False,False,2922,48.7,1614,280,0,sub-01_ses-012_task-mario_level-w3l3_rep-000.bk2,
sub-01,ses-013,Level3-3,True,False,2961,49.35,2409,550,1,sub-01_ses-013_task-mario_level-w3l3_rep-000.bk2,
sub-01,ses-014,Level3-3,False,False,2313,38.55,2292,570,1,sub-01_ses-014_task-mario_level-w3l3_rep-000.bk2,
sub-01,ses-014,Level3-3,True,False,1623,27.05,2409,430,2,sub-01_ses-014_task-mario_level-w3l3_rep-001.bk2,
sub-01,ses-014,Level3-3,False,False,2023,33.71666666666667,1848,250,1,sub-01_ses-014_task-mario_level-w3l3_rep-002.bk2,
sub-01,ses-015,Level3-3,True,False,1518,25.3,2409,310,2,sub-01_ses-015_task-mario_level-w3l3_rep-000.bk2,
sub-01,ses-016,Level3-3,True,False,1991,33.18333333333333,2409,530,2,sub-01_ses-016_task-mario_level-w3l3_rep-000.bk2,
sub-01,ses-016,Level3-3,False,False,2338,38.96666666666667,1089,110,0,sub-01_ses-016_task-mario_level-w3l3_rep-001.bk2,
sub-01,ses-017,Level3-3,True,False,1825,30.416666666666668,2409,430,2,sub-01_ses-017_task-mario_level-w3l3_rep-000.bk2,
sub-01,ses-017,Level3-3,True,False,2613,43.55,2421,400,1,sub-01_ses-017_task-mario_level-w3l3_rep-001.bk2,
sub-01,ses-018,Level3-3,False,False,2569,42.81666666666667,2072,300,1,sub-01_ses-018_task-mario_level-w3l3_rep-000.bk2,
sub-01,ses-018,Level3-3,False,False,2317,38.61666666666667,2309,440,1,sub-01_ses-018_task-mario_level-w3l3_rep-001.bk2,
sub-01,ses-020,Level3-3,False,False,2086,34.766666666666666,2402,300,2,sub-01_ses-020_task-mario_level-w3l3_rep-000.bk2,
sub-01,ses-020,Level3-3,True,False,1572,26.2,2409,240,2,sub-01_ses-020_task-mario_level-w3l3_rep-001.bk2,
sub-01,ses-021,Level3-3,True,False,1653,27.55,2421,330,2,sub-01_ses-021_task-mario_level-w3l3_rep-000.bk2,
sub-02,ses-002,Level3-3,False,True,3442,57.36666666666667,794,120,-1,sub-02_ses-002_task-mario_level-w3l3_rep-000.bk2,
sub-02,ses-002,Level3-3,False,True,4044,67.4,1837,140,-1,sub-02_ses-002_task-mario_level-w3l3_rep-001.bk2,
sub-02,ses-002,Level3-3,False,False,4951,82.51666666666667,1945,390,0,sub-02_ses-002_task-mario_level-w3l3_rep-002.bk2,
sub-02,ses-002,Level3-3,True,False,5520,92.0,2409,550,0,sub-02_ses-002_task-mario_level-w3l3_rep-003.bk2,
sub-02,ses-002,Level3-3,False,True,4081,68.01666666666667,2048,520,-1,sub-02_ses-002_task-mario_level-w3l3_rep-004.bk2,
sub-02,ses-002,Level3-3,True,False,4913,81.88333333333334,2409,680,0,sub-02_ses-002_task-mario_level-w3l3_rep-005.bk2,
sub-02,ses-002,Level3-3,False,True,3830,63.833333333333336,1816,360,-1,sub-02_ses-002_task-mario_level-w3l3_rep-006.bk2,
sub-02,ses-002,Level3-3,False,True,5184,86.4,1972,340,-1,sub-02_ses-002_task-mario_level-w3l3_rep-007.bk2,
sub-02,ses-007,Level3-3,False,True,3230,53.833333333333336,769,20,-1,sub-02_ses-007_task-mario_level-w3l3_rep-000.bk2,
sub-02,ses-008,Level3-3,False,True,2965,49.416666666666664,754,30,-1,sub-02_ses-008_task-mario_level-w3l3_rep-000.bk2,
sub-02,ses-009,Level3-3,True,False,3992,66.53333333333333,2409,490,2,sub-02_ses-009_task-mario_level-w3l3_rep-000.bk2,
sub-02,ses-009,Level3-3,False,True,3015,50.25,637,0,-1,sub-02_ses-009_task-mario_level-w3l3_rep-001.bk2,
sub-02,ses-010,Level3-3,True,False,6574,109.56666666666666,2409,580,1,sub-02_ses-010_task-mario_level-w3l3_rep-000.bk2,
sub-02,ses-011,Level3-3,True,False,5475,91.25,2409,610,2,sub-02_ses-011_task-mario_level-w3l3_rep-000.bk2,
sub-02,ses-011,Level3-3,False,True,4539,75.65,1830,320,-1,sub-02_ses-011_task-mario_level-w3l3_rep-001.bk2,
sub-02,ses-012,Level3-3,True,False,4836,80.6,2409,540,2,sub-02_ses-012_task-mario_level-w3l3_rep-000.bk2,
sub-02,ses-012,Level3-3,False,True,3112,51.86666666666667,690,40,-1,sub-02_ses-012_task-mario_level-w3l3_rep-001.bk2,
sub-02,ses-013,Level3-3,False,True,2883,48.05,851,20,-1,sub-02_ses-013_task-mario_level-w3l3_rep-000.bk2,
sub-02,ses-014,Level3-3,False,False,4880,81.33333333333333,1957,370,0,sub-02_ses-014_task-mario_level-w3l3_rep-000.bk2,
sub-02,ses-015,Level3-3,False,True,3745,62.416666666666664,1106,210,-1,sub-02_ses-015_task-mario_level-w3l3_rep-000.bk2,
sub-02,ses-015,Level3-3,False,True,4631,77.18333333333334,1683,400,-1,sub-02_ses-015_task-mario_level-w3l3_rep-001.bk2,
sub-02,ses-016,Level3-3,False,True,4153,69.21666666666667,1578,290,-1,sub-02_ses-016_task-mario_level-w3l3_rep-000.bk2,
sub-02,ses-017,Level3-3,True,False,5632,93.86666666666666,2409,590,1,sub-02_ses-017_task-mario_level-w3l3_rep-000.bk2,
sub-02,ses-018,Level3-3,False,True,4536,75.6,1751,410,-1,sub-02_ses-018_task-mario_level-w3l3_rep-000.bk2,
sub-02,ses-019,Level3-3,True,False,4646,77.43333333333334,2409,520,2,sub-02_ses-019_task-mario_level-w3l3_rep-000.bk2,
sub-02,ses-019,Level3-3,False,True,3139,52.31666666666667,776,90,-1,sub-02_ses-019_task-mario_level-w3l3_rep-001.bk2,
sub-02,ses-020,Level3-3,False,False,3027,50.45,2058,350,1,sub-02_ses-020_task-mario_level-w3l3_rep-000.bk2,
sub-02,ses-021,Level3-3,False,True,4407,73.45,1697,360,-1,sub-02_ses-021_task-mario_level-w3l3_rep-000.bk2,
sub-02,ses-022,Level3-3,False,False,3258,54.3,2067,540,1,sub-02_ses-022_task-mario_level-w3l3_rep-000.bk2,
sub-02,ses-023,Level3-3,True,False,2130,35.5,2409,370,2,sub-02_ses-023_task-mario_level-w3l3_rep-000.bk2,
sub-03,ses-003,Level3-3,True,False,7256,120.93333333333334,2409,560,0,sub-03_ses-003_task-mario_level-w3l3_rep-000.bk2,
sub-03,ses-003,Level3-3,True,False,3872,64.53333333333333,2409,570,2,sub-03_ses-003_task-mario_level-w3l3_rep-001.bk2,
sub-03,ses-003,Level3-3,False,False,4497,74.95,1782,330,0,sub-03_ses-003_task-mario_level-w3l3_rep-002.bk2,
sub-03,ses-003,Level3-3,True,False,5183,86.38333333333334,2409,470,1,sub-03_ses-003_task-mario_level-w3l3_rep-003.bk2,
sub-03,ses-003,Level3-3,False,True,6766,112.76666666666667,2318,510,-1,sub-03_ses-003_task-mario_level-w3l3_rep-004.bk2,
sub-03,ses-003,Level3-3,False,False,4747,79.11666666666666,1936,360,1,sub-03_ses-003_task-mario_level-w3l3_rep-005.bk2,
sub-03,ses-003,Level3-3,False,False,4908,81.8,2402,400,2,sub-03_ses-003_task-mario_level-w3l3_rep-006.bk2,
sub-03,ses-011,Level3-3,False,False,4455,74.25,2294,520,1,sub-03_ses-011_task-mario_level-w3l3_rep-000.bk2,
sub-03,ses-012,Level3-3,False,True,4583,76.38333333333334,1559,440,-1,sub-03_ses-012_task-mario_level-w3l3_rep-000.bk2,
sub-03,ses-014,Level3-3,False,False,6241,104.01666666666667,1963,460,0,sub-03_ses-014_task-mario_level-w3l3_rep-000.bk2,
sub-03,ses-014,Level3-3,True,False,5396,89.93333333333334,2409,610,1,sub-03_ses-014_task-mario_level-w3l3_rep-001.bk2,
sub-03,ses-015,Level3-3,False,False,4090,68.16666666666667,1609,470,0,sub-03_ses-015_task-mario_level-w3l3_rep-000.bk2,
sub-03,ses-016,Level3-3,True,False,5520,92.0,2409,690,1,sub-03_ses-016_task-mario_level-w3l3_rep-000.bk2,
sub-03,ses-017,Level3-3,False,False,4552,75.86666666666666,1990,370,0,sub-03_ses-017_task-mario_level-w3l3_rep-000.bk2,
sub-03,ses-019,Level3-3,True,False,3755,62.583333333333336,2409,590,2,sub-03_ses-019_task-mario_level-w3l3_rep-002.bk2,
sub-03,ses-020,Level3-3,False,True,3692,61.53333333333333,1067,170,-1,sub-03_ses-020_task-mario_level-w3l3_rep-000.bk2,
sub-03,ses-021,Level3-3,True,False,3427,57.11666666666667,2409,580,2,sub-03_ses-021_task-mario_level-w3l3_rep-000.bk2,
sub-03,ses-021,Level3-3,False,True,7162,119.36666666666666,1979,320,-1,sub-03_ses-021_task-mario_level-w3l3_rep-001.bk2,
sub-03,ses-022,Level3-3,True,False,4499,74.98333333333333,2409,570,1,sub-03_ses-022_task-mario_level-w3l3_rep-000.bk2,
sub-03,ses-024,Level3-3,True,False,4332,72.2,2409,630,2,sub-03_ses-024_task-mario_level-w3l3_rep-000.bk2,
sub-03,ses-025,Level3-3,False,True,4339,72.31666666666666,1065,290,-1,sub-03_ses-025_task-mario_level-w3l3_rep-000.bk2,
sub-03,ses-025,Level3-3,False,False,4462,74.36666666666666,1942,480,1,sub-03_ses-025_task-mario_level-w3l3_rep-001.bk2,
sub-03,ses-026,Level3-3,True,False,4000,66.66666666666667,2409,580,2,sub-03_ses-026_task-mario_level-w3l3_rep-000.bk2,
sub-03,ses-027,Level3-3,True,False,4042,67.36666666666666,2409,630,2,sub-03_ses-027_task-mario_level-w3l3_rep-000.bk2,
sub-03,ses-028,Level3-3,True,False,4778,79.63333333333334,2409,590,1,sub-03_ses-028_task-mario_level-w3l3_rep-000.bk2,
sub-03,ses-029,Level3-3,True,False,4424,73.73333333333333,2409,520,2,sub-03_ses-029_task-mario_level-w3l3_rep-000.bk2,
sub-03,ses-030,Level3-3,False,True,3860,64.33333333333333,1467,330,-1,sub-03_ses-030_task-mario_level-w3l3_rep-000.bk2,
sub-03,ses-030,Level3-3,False,True,4059,67.65,1630,410,-1,sub-03_ses-030_task-mario_level-w3l3_rep-001.bk2,
sub-05,ses-002,Level3-3,True,False,6244,104.06666666666666,2409,670,1,sub-05_ses-002_task-mario_level-w3l3_rep-000.bk2,
sub-05,ses-002,Level3-3,True,False,5744,95.73333333333333,2409,770,0,sub-05_ses-002_task-mario_level-w3l3_rep-001.bk2,
sub-05,ses-002,Level3-3,True,False,4425,73.75,2409,540,1,sub-05_ses-002_task-mario_level-w3l3_rep-002.bk2,
sub-05,ses-002,Level3-3,False,True,4298,71.63333333333334,1089,260,-1,sub-05_ses-002_task-mario_level-w3l3_rep-003.bk2,
sub-05,ses-002,Level3-3,False,True,2375,39.583333333333336,691,50,-1,sub-05_ses-002_task-mario_level-w3l3_rep-004.bk2,
sub-05,ses-002,Level3-3,False,False,3993,66.55,1714,350,0,sub-05_ses-002_task-mario_level-w3l3_rep-005.bk2,
sub-05,ses-002,Level3-3,True,False,4075,67.91666666666667,2409,460,1,sub-05_ses-002_task-mario_level-w3l3_rep-006.bk2,
sub-05,ses-008,Level3-3,False,True,3531,58.85,854,70,-1,sub-05_ses-008_task-mario_level-w3l3_rep-000.bk2,
sub-05,ses-009,Level3-3,True,False,5426,90.43333333333334,2409,670,1,sub-05_ses-009_task-mario_level-w3l3_rep-000.bk2,
sub-05,ses-010,Level3-3,False,True,2172,36.2,590,0,-1,sub-05_ses-010_task-mario_level-w3l3_rep-000.bk2,
sub-05,ses-011,Level3-3,False,True,2617,43.61666666666667,774,40,-1,sub-05_ses-011_task-mario_level-w3l3_rep-000.bk2,
sub-05,ses-012,Level3-3,False,True,2159,35.983333333333334,681,30,-1,sub-05_ses-012_task-mario_level-w3l3_rep-000.bk2,
sub-05,ses-012,Level3-3,False,True,6018,100.3,2336,650,-1,sub-05_ses-012_task-mario_level-w3l3_rep-001.bk2,
sub-05,ses-013,Level3-3,True,False,4398,73.3,2409,390,0,sub-05_ses-013_task-mario_level-w3l3_rep-000.bk2,
sub-05,ses-014,Level3-3,False,True,5029,83.81666666666666,1818,530,-1,sub-05_ses-014_task-mario_level-w3l3_rep-000.bk2,
sub-05,ses-014,Level3-3,False,True,3174,52.9,1079,180,-1,sub-05_ses-014_task-mario_level-w3l3_rep-001.bk2,
sub-05,ses-015,Level3-3,True,False,5304,88.4,2409,630,1,sub-05_ses-015_task-mario_level-w3l3_rep-000.bk2,
sub-05,ses-016,Level3-3,True,False,3426,57.1,2409,530,2,sub-05_ses-016_task-mario_level-w3l3_rep-000.bk2,
sub-05,ses-016,Level3-3,True,False,6775,112.91666666666667,2409,760,0,sub-05_ses-016_task-mario_level-w3l3_rep-001.bk2,
sub-05,ses-017,Level3-3,True,False,4439,73.98333333333333,2409,590,2,sub-05_ses-017_task-mario_level-w3l3_rep-000.bk2,
sub-05,ses-018,Level3-3,True,False,6782,113.03333333333333,2409,660,0,sub-05_ses-018_task-mario_level-w3l3_rep-000.bk2,
sub-05,ses-019,Level3-3,False,True,2918,48.63333333333333,684,0,-1,sub-05_ses-019_task-mario_level-w3l3_rep-000.bk2,
sub-05,ses-019,Level3-3,False,True,5102,85.03333333333333,2164,620,-1,sub-05_ses-019_task-mario_level-w3l3_rep-001.bk2,
sub-05,ses-019,Level3-3,False,True,5922,98.7,2181,460,-1,sub-05_ses-019_task-mario_level-w3l3_rep-002.bk2,
sub-05,ses-021,Level3-3,True,False,3900,65.0,2409,480,2,sub-05_ses-021_task-mario_level-w3l3_rep-000.bk2,
sub-05,ses-021,Level3-3,False,True,3664,61.06666666666667,1065,280,-1,sub-05_ses-021_task-mario_level-w3l3_rep-001.bk2,
sub-05,ses-022,Level3-3,True,False,3694,61.56666666666667,2409,600,2,sub-05_ses-022_task-mario_level-w3l3_rep-000.bk2,
sub-05,ses-022,Level3-3,False,True,3645,60.75,1158,170,-1,sub-05_ses-022_task-mario_level-w3l3_rep-001.bk2,
sub-06,ses-002,Level3-3,True,False,7668,127.8,2409,730,0,sub-06_ses-002_task-mario_level-w3l3_rep-000.bk2,
sub-06,ses-002,Level3-3,False,True,5935,98.91666666666667,1147,380,-1,sub-06_ses-002_task-mario_level-w3l3_rep-001.bk2,
sub-06,ses-002,Level3-3,False,True,5232,87.2,1469,430,-1,sub-06_ses-002_task-mario_level-w3l3_rep-002.bk2,
sub-06,ses-002,Level3-3,False,True,2979,49.65,774,80,-1,sub-06_ses-002_task-mario_level-w3l3_rep-003.bk2,
sub-06,ses-002,Level3-3,True,False,3353,55.88333333333333,2409,440,2,sub-06_ses-002_task-mario_level-w3l3_rep-004.bk2,
sub-06,ses-002,Level3-3,True,False,3568,59.46666666666667,2409,350,1,sub-06_ses-002_task-mario_level-w3l3_rep-005.bk2,
sub-06,ses-002,Level3-3,False,True,2784,46.4,695,60,-1,sub-06_ses-002_task-mario_level-w3l3_rep-006.bk2,
sub-06,ses-007,Level3-3,False,True,3694,61.56666666666667,809,170,-1,sub-06_ses-007_task-mario_level-w3l3_rep-000.bk2,
sub-06,ses-009,Level3-3,True,False,6564,109.4,2409,840,1,sub-06_ses-009_task-mario_level-w3l3_rep-000.bk2,
sub-06,ses-009,Level3-3,False,True,3947,65.78333333333333,870,90,-1,sub-06_ses-009_task-mario_level-w3l3_rep-001.bk2,
sub-06,ses-010,Level3-3,True,False,5007,83.45,2409,750,2,sub-06_ses-010_task-mario_level-w3l3_rep-000.bk2,
sub-06,ses-011,Level3-3,False,True,5023,83.71666666666667,1063,380,-1,sub-06_ses-011_task-mario_level-w3l3_rep-000.bk2,
sub-06,ses-011,Level3-3,False,False,4792,79.86666666666666,1952,650,0,sub-06_ses-011_task-mario_level-w3l3_rep-001.bk2,
sub-06,ses-013,Level3-3,False,False,4119,68.65,1676,410,0,sub-06_ses-013_task-mario_level-w3l3_rep-000.bk2,
sub-06,ses-014,Level3-3,False,False,4716,78.6,1069,310,0,sub-06_ses-014_task-mario_level-w3l3_rep-000.bk2,
sub-06,ses-014,Level3-3,False,True,5352,89.2,1974,680,-1,sub-06_ses-014_task-mario_level-w3l3_rep-001.bk2,
sub-06,ses-015,Level3-3,True,False,4566,76.1,2409,820,2,sub-06_ses-015_task-mario_level-w3l3_rep-000.bk2,
sub-06,ses-016,Level3-3,False,False,4791,79.85,1889,610,0,sub-06_ses-016_task-mario_level-w3l3_rep-000.bk2,
sub-06,ses-017,Level3-3,False,True,3540,59.0,1060,290,-1,sub-06_ses-017_task-mario_level-w3l3_rep-000.bk2,
sub-06,ses-019,Level3-3,True,False,4239,70.65,2409,700,2,sub-06_ses-019_task-mario_level-w3l3_rep-000.bk2,
sub-06,ses-020,Level3-3,True,False,4181,69.68333333333334,2409,770,2,sub-06_ses-020_task-mario_level-w3l3_rep-000.bk2,
sub-06,ses-020,Level3-3,False,True,4036,67.26666666666667,1540,430,-1,sub-06_ses-020_task-mario_level-w3l3_rep-001.bk2,
sub-06,ses-021,Level3-3,True,False,3521,58.68333333333333,2409,720,2,sub-06_ses-021_task-mario_level-w3l3_rep-000.bk2,
sub-06,ses-022,Level3-3,True,False,2482,41.36666666666667,2409,670,2,sub-06_ses-022_task-mario_level-w3l3_rep-000.bk2,
sub-06,ses-023,Level3-3,False,False,3972,66.2,2221,560,1,sub-06_ses-023_task-mario_level-w3l3_rep-000.bk2,
sub-06,ses-023,Level3-3,True,False,3159,52.65,2409,610,2,sub-06_ses-023_task-mario_level-w3l3_rep-001.bk2,
sub-06,ses-024,Level3-3,False,True,2809,46.81666666666667,761,50,-1,sub-06_ses-024_task-mario_level-w3l3_rep-000.bk2,
sub-06,ses-025,Level3-3,True,False,4107,68.45,2409,760,2,sub-06_ses-025_task-mario_level-w3l3_rep-000.bk2,
sub-01,ses-003,Level4-1,True,False,2513,41.88333333333333,3593,360,2,sub-01_ses-003_task-mario_level-w4l1_rep-000.bk2,
sub-01,ses-003,Level4-1,False,True,2737,45.61666666666667,2519,240,-1,sub-01_ses-003_task-mario_level-w4l1_rep-001.bk2,
sub-01,ses-003,Level4-1,False,True,3120,52.0,2356,420,-1,sub-01_ses-003_task-mario_level-w4l1_rep-002.bk2,
sub-01,ses-003,Level4-1,False,True,3469,57.81666666666667,2344,300,-1,sub-01_ses-003_task-mario_level-w4l1_rep-003.bk2,
sub-01,ses-003,Level4-1,False,True,3456,57.6,1428,260,-1,sub-01_ses-003_task-mario_level-w4l1_rep-004.bk2,
sub-01,ses-003,Level4-1,False,False,3797,63.28333333333333,3586,800,2,sub-01_ses-003_task-mario_level-w4l1_rep-005.bk2,
sub-01,ses-003,Level4-1,False,True,2965,49.416666666666664,1420,140,-1,sub-01_ses-003_task-mario_level-w4l1_rep-006.bk2,
sub-01,ses-003,Level4-1,False,False,4357,72.61666666666666,2528,540,0,sub-01_ses-003_task-mario_level-w4l1_rep-007.bk2,
sub-01,ses-003,Level4-1,False,False,2600,43.333333333333336,3363,400,2,sub-01_ses-003_task-mario_level-w4l1_rep-008.bk2,
sub-01,ses-007,Level4-1,True,False,2362,39.36666666666667,3593,370,2,sub-01_ses-007_task-mario_level-w4l1_rep-000.bk2,
sub-01,ses-007,Level4-1,False,True,2923,48.71666666666667,1433,220,-1,sub-01_ses-007_task-mario_level-w4l1_rep-001.bk2,
sub-01,ses-008,Level4-1,False,False,3423,57.05,2446,330,0,sub-01_ses-008_task-mario_level-w4l1_rep-000.bk2,
sub-01,ses-008,Level4-1,False,True,4090,68.16666666666667,1428,180,-1,sub-01_ses-008_task-mario_level-w4l1_rep-001.bk2,
sub-01,ses-008,Level4-1,True,False,2388,39.8,3593,180,1,sub-01_ses-008_task-mario_level-w4l1_rep-002.bk2,
sub-01,ses-009,Level4-1,False,True,2135,35.583333333333336,676,100,-1,sub-01_ses-009_task-mario_level-w4l1_rep-000.bk2,
sub-01,ses-009,Level4-1,True,False,2167,36.11666666666667,3593,140,1,sub-01_ses-009_task-mario_level-w4l1_rep-001.bk2,
sub-01,ses-010,Level4-1,False,True,2289,38.15,1951,120,-1,sub-01_ses-010_task-mario_level-w4l1_rep-000.bk2,
sub-01,ses-011,Level4-1,False,False,2865,47.75,2968,480,1,sub-01_ses-011_task-mario_level-w4l1_rep-000.bk2,
sub-01,ses-011,Level4-1,False,True,2704,45.06666666666667,1860,200,-1,sub-01_ses-011_task-mario_level-w4l1_rep-001.bk2,
sub-01,ses-012,Level4-1,True,False,2495,41.583333333333336,3593,80,1,sub-01_ses-012_task-mario_level-w4l1_rep-000.bk2,
sub-01,ses-013,Level4-1,True,False,1927,32.11666666666667,3593,120,2,sub-01_ses-013_task-mario_level-w4l1_rep-000.bk2,
sub-01,ses-014,Level4-1,True,False,4229,70.48333333333333,3593,460,0,sub-01_ses-014_task-mario_level-w4l1_rep-000.bk2,
sub-01,ses-014,Level4-1,False,True,1979,32.983333333333334,444,0,-1,sub-01_ses-014_task-mario_level-w4l1_rep-001.bk2,
sub-01,ses-015,Level4-1,False,False,2453,40.88333333333333,1435,100,0,sub-01_ses-015_task-mario_level-w4l1_rep-000.bk2,
sub-01,ses-015,Level4-1,True,False,1600,26.666666666666668,3593,260,2,sub-01_ses-015_task-mario_level-w4l1_rep-001.bk2,
sub-01,ses-015,Level4-1,True,False,1844,30.733333333333334,3593,200,2,sub-01_ses-015_task-mario_level-w4l1_rep-002.bk2,
sub-01,ses-016,Level4-1,True,False,1772,29.533333333333335,3593,220,2,sub-01_ses-016_task-mario_level-w4l1_rep-000.bk2,
sub-01,ses-016,Level4-1,False,True,1743,29.05,486,0,-1,sub-01_ses-016_task-mario_level-w4l1_rep-001.bk2,
sub-01,ses-017,Level4-1,True,False,2099,34.983333333333334,3593,300,3,sub-01_ses-017_task-mario_level-w4l1_rep-000.bk2,
sub-01,ses-018,Level4-1,True,False,1938,32.3,3593,260,3,sub-01_ses-018_task-mario_level-w4l1_rep-000.bk2,
sub-01,ses-019,Level4-1,False,False,2453,40.88333333333333,1431,200,0,sub-01_ses-019_task-mario_level-w4l1_rep-000.bk2,
sub-01,ses-020,Level4-1,False,False,2571,42.85,1431,180,0,sub-01_ses-020_task-mario_level-w4l1_rep-000.bk2,
sub-01,ses-020,Level4-1,True,False,2348,39.13333333333333,3593,140,1,sub-01_ses-020_task-mario_level-w4l1_rep-001.bk2,
sub-01,ses-021,Level4-1,False,False,2445,40.75,1434,140,0,sub-01_ses-021_task-mario_level-w4l1_rep-000.bk2,
sub-01,ses-021,Level4-1,True,False,2125,35.416666666666664,3593,200,1,sub-01_ses-021_task-mario_level-w4l1_rep-001.bk2,
sub-02,ses-002,Level4-1,True,False,1934,32.233333333333334,3593,380,2,sub-02_ses-002_task-mario_level-w4l1_rep-000.bk2,
sub-02,ses-002,Level4-1,True,False,2293,38.21666666666667,3593,540,2,sub-02_ses-002_task-mario_level-w4l1_rep-001.bk2,
sub-02,ses-002,Level4-1,True,False,2601,43.35,3593,760,2,sub-02_ses-002_task-mario_level-w4l1_rep-002.bk2,
sub-02,ses-002,Level4-1,True,False,2224,37.06666666666667,3593,600,2,sub-02_ses-002_task-mario_level-w4l1_rep-003.bk2,
sub-02,ses-002,Level4-1,True,False,2001,33.35,3593,560,2,sub-02_ses-002_task-mario_level-w4l1_rep-004.bk2,
sub-02,ses-002,Level4-1,True,False,2825,47.083333333333336,3593,740,2,sub-02_ses-002_task-mario_level-w4l1_rep-005.bk2,
sub-02,ses-002,Level4-1,True,False,1913,31.883333333333333,3593,520,2,sub-02_ses-002_task-mario_level-w4l1_rep-006.bk2,
sub-02,ses-002,Level4-1,True,False,2193,36.55,3593,740,2,sub-02_ses-002_task-mario_level-w4l1_rep-007.bk2,
sub-02,ses-002,Level4-1,True,False,2812,46.86666666666667,3593,1005,2,sub-02_ses-002_task-mario_level-w4l1_rep-008.bk2,
sub-02,ses-002,Level4-1,True,False,2373,39.55,3593,770,2,sub-02_ses-002_task-mario_level-w4l1_rep-009.bk2,
sub-02,ses-002,Level4-1,True,False,2774,46.233333333333334,3593,840,2,sub-02_ses-002_task-mario_level-w4l1_rep-010.bk2,
sub-02,ses-003,Level4-1,True,False,4913,81.88333333333334,3593,380,0,sub-02_ses-003_task-mario_level-w4l1_rep-000.bk2,
sub-02,ses-003,Level4-1,False,False,3580,59.666666666666664,3579,200,1,sub-02_ses-003_task-mario_level-w4l1_rep-001.bk2,
sub-02,ses-003,Level4-1,False,False,3769,62.81666666666667,3175,160,0,sub-02_ses-003_task-mario_level-w4l1_rep-002.bk2,
sub-02,ses-003,Level4-1,False,False,2970,49.5,2547,160,0,sub-02_ses-003_task-mario_level-w4l1_rep-003.bk2,
sub-02,ses-003,Level4-1,True,False,2966,49.43333333333333,3593,200,1,sub-02_ses-003_task-mario_level-w4l1_rep-004.bk2,
sub-02,ses-003,Level4-1,True,False,1875,31.25,3593,100,2,sub-02_ses-003_task-mario_level-w4l1_rep-005.bk2,
sub-02,ses-003,Level4-1,False,True,3633,60.55,3024,160,-1,sub-02_ses-003_task-mario_level-w4l1_rep-006.bk2,
sub-02,ses-003,Level4-1,False,True,3156,52.6,2624,220,-1,sub-02_ses-003_task-mario_level-w4l1_rep-007.bk2,
sub-02,ses-003,Level4-1,False,False,2907,48.45,2967,100,0,sub-02_ses-003_task-mario_level-w4l1_rep-008.bk2,
sub-02,ses-007,Level4-1,False,False,4097,68.28333333333333,2441,70,0,sub-02_ses-007_task-mario_level-w4l1_rep-000.bk2,
sub-02,ses-007,Level4-1,False,True,3269,54.483333333333334,2554,80,-1,sub-02_ses-007_task-mario_level-w4l1_rep-001.bk2,
sub-02,ses-009,Level4-1,False,True,2144,35.733333333333334,443,0,-1,sub-02_ses-009_task-mario_level-w4l1_rep-000.bk2,
sub-02,ses-009,Level4-1,False,True,2088,34.8,455,0,-1,sub-02_ses-009_task-mario_level-w4l1_rep-001.bk2,
sub-02,ses-010,Level4-1,True,False,3915,65.25,3593,160,1,sub-02_ses-010_task-mario_level-w4l1_rep-000.bk2,
sub-02,ses-010,Level4-1,False,True,2791,46.516666666666666,676,0,-1,sub-02_ses-010_task-mario_level-w4l1_rep-001.bk2,
sub-02,ses-011,Level4-1,False,True,4676,77.93333333333334,2652,260,-1,sub-02_ses-011_task-mario_level-w4l1_rep-000.bk2,
sub-02,ses-012,Level4-1,True,False,3548,59.13333333333333,3593,280,2,sub-02_ses-012_task-mario_level-w4l1_rep-000.bk2,
sub-02,ses-012,Level4-1,False,True,4160,69.33333333333333,2547,360,-1,sub-02_ses-012_task-mario_level-w4l1_rep-001.bk2,
sub-02,ses-013,Level4-1,False,True,2851,47.516666666666666,413,0,-1,sub-02_ses-013_task-mario_level-w4l1_rep-000.bk2,
sub-02,ses-014,Level4-1,False,True,3770,62.833333333333336,1153,200,-1,sub-02_ses-014_task-mario_level-w4l1_rep-000.bk2,
sub-02,ses-015,Level4-1,False,True,6836,113.93333333333334,2607,820,-1,sub-02_ses-015_task-mario_level-w4l1_rep-000.bk2,
sub-02,ses-016,Level4-1,False,True,4709,78.48333333333333,1215,180,-1,sub-02_ses-016_task-mario_level-w4l1_rep-000.bk2,
sub-02,ses-017,Level4-1,False,True,3660,61.0,1064,260,-1,sub-02_ses-017_task-mario_level-w4l1_rep-000.bk2,
sub-02,ses-017,Level4-1,False,True,2865,47.75,456,0,-1,sub-02_ses-017_task-mario_level-w4l1_rep-001.bk2,
sub-02,ses-018,Level4-1,True,False,5716,95.26666666666667,3593,780,2,sub-02_ses-018_task-mario_level-w4l1_rep-000.bk2,
sub-02,ses-019,Level4-1,False,True,2954,49.233333333333334,675,100,-1,sub-02_ses-019_task-mario_level-w4l1_rep-000.bk2,
sub-02,ses-019,Level4-1,False,True,3496,58.266666666666666,448,0,-1,sub-02_ses-019_task-mario_level-w4l1_rep-001.bk2,
sub-02,ses-020,Level4-1,False,True,3404,56.733333333333334,465,0,-1,sub-02_ses-020_task-mario_level-w4l1_rep-000.bk2,
sub-02,ses-021,Level4-1,False,True,2815,46.916666666666664,1429,80,-1,sub-02_ses-021_task-mario_level-w4l1_rep-000.bk2,
sub-02,ses-022,Level4-1,False,True,2406,40.1,656,0,-1,sub-02_ses-022_task-mario_level-w4l1_rep-000.bk2,
sub-02,ses-023,Level4-1,False,True,1883,31.383333333333333,423,0,-1,sub-02_ses-023_task-mario_level-w4l1_rep-000.bk2,
sub-03,ses-003,Level4-1,False,True,4117,68.61666666666666,2528,160,-1,sub-03_ses-003_task-mario_level-w4l1_rep-000.bk2,
sub-03,ses-003,Level4-1,True,False,5477,91.28333333333333,3593,280,0,sub-03_ses-003_task-mario_level-w4l1_rep-001.bk2,
sub-03,ses-003,Level4-1,False,True,3025,50.416666666666664,422,20,-1,sub-03_ses-003_task-mario_level-w4l1_rep-002.bk2,
sub-03,ses-003,Level4-1,False,False,2749,45.81666666666667,436,0,0,sub-03_ses-003_task-mario_level-w4l1_rep-003.bk2,
sub-03,ses-003,Level4-1,False,True,2931,48.85,442,0,-1,sub-03_ses-003_task-mario_level-w4l1_rep-004.bk2,
sub-03,ses-003,Level4-1,False,True,3265,54.416666666666664,670,100,-1,sub-03_ses-003_task-mario_level-w4l1_rep-005.bk2,
sub-03,ses-003,Level4-1,False,True,4302,71.7,2547,260,-1,sub-03_ses-003_task-mario_level-w4l1_rep-006.bk2,
sub-03,ses-010,Level4-1,False,True,3363,56.05,1024,60,-1,sub-03_ses-010_task-mario_level-w4l1_rep-000.bk2,
sub-03,ses-011,Level4-1,False,True,3393,56.55,3023,100,-1,sub-03_ses-011_task-mario_level-w4l1_rep-000.bk2,
sub-03,ses-014,Level4-1,False,True,3179,52.983333333333334,457,0,-1,sub-03_ses-014_task-mario_level-w4l1_rep-000.bk2,
sub-03,ses-014,Level4-1,False,True,3489,58.15,1911,60,-1,sub-03_ses-014_task-mario_level-w4l1_rep-001.bk2,
sub-03,ses-015,Level4-1,False,False,4817,80.28333333333333,3274,420,0,sub-03_ses-015_task-mario_level-w4l1_rep-000.bk2,
sub-03,ses-017,Level4-1,False,True,3677,61.28333333333333,2528,120,-1,sub-03_ses-017_task-mario_level-w4l1_rep-000.bk2,
sub-03,ses-018,Level4-1,False,True,3170,52.833333333333336,1985,0,-1,sub-03_ses-018_task-mario_level-w4l1_rep-000.bk2,
sub-03,ses-019,Level4-1,True,False,2301,38.35,3593,0,2,sub-03_ses-019_task-mario_level-w4l1_rep-000.bk2,
sub-03,ses-019,Level4-1,False,True,2894,48.233333333333334,2529,0,-1,sub-03_ses-019_task-mario_level-w4l1_rep-001.bk2,
sub-03,ses-021,Level4-1,True,False,2846,47.43333333333333,3593,0,1,sub-03_ses-021_task-mario_level-w4l1_rep-000.bk2,
sub-03,ses-021,Level4-1,True,False,2758,45.96666666666667,3593,240,2,sub-03_ses-021_task-mario_level-w4l1_rep-001.bk2,
sub-03,ses-022,Level4-1,False,True,2606,43.43333333333333,1021,80,-1,sub-03_ses-022_task-mario_level-w4l1_rep-000.bk2,
sub-03,ses-024,Level4-1,False,True,3918,65.3,3084,200,-1,sub-03_ses-024_task-mario_level-w4l1_rep-000.bk2,
sub-03,ses-024,Level4-1,True,False,2927,48.78333333333333,3593,60,1,sub-03_ses-024_task-mario_level-w4l1_rep-001.bk2,
sub-03,ses-025,Level4-1,True,False,4518,75.3,3593,340,1,sub-03_ses-025_task-mario_level-w4l1_rep-000.bk2,
sub-03,ses-027,Level4-1,True,False,2594,43.233333333333334,3593,80,2,sub-03_ses-027_task-mario_level-w4l1_rep-000.bk2,
sub-03,ses-027,Level4-1,True,False,2299,38.31666666666667,3593,100,2,sub-03_ses-027_task-mario_level-w4l1_rep-001.bk2,
sub-03,ses-027,Level4-1,False,False,3213,53.55,2251,180,0,sub-03_ses-027_task-mario_level-w4l1_rep-002.bk2,
sub-03,ses-028,Level4-1,True,False,4914,81.9,3593,240,0,sub-03_ses-028_task-mario_level-w4l1_rep-000.bk2,
sub-03,ses-029,Level4-1,True,False,2303,38.38333333333333,3593,120,2,sub-03_ses-029_task-mario_level-w4l1_rep-000.bk2,
sub-03,ses-030,Level4-1,True,False,2250,37.5,3593,40,2,sub-03_ses-030_task-mario_level-w4l1_rep-000.bk2,
sub-05,ses-003,Level4-1,False,True,4613,76.88333333333334,1108,300,-1,sub-05_ses-003_task-mario_level-w4l1_rep-000.bk2,
sub-05,ses-003,Level4-1,False,True,2913,48.55,662,100,-1,sub-05_ses-003_task-mario_level-w4l1_rep-001.bk2,
sub-05,ses-003,Level4-1,False,True,3175,52.916666666666664,455,100,-1,sub-05_ses-003_task-mario_level-w4l1_rep-002.bk2,
sub-05,ses-003,Level4-1,False,False,3103,51.71666666666667,429,220,0,sub-05_ses-003_task-mario_level-w4l1_rep-003.bk2,
sub-05,ses-003,Level4-1,False,True,3084,51.4,459,120,-1,sub-05_ses-003_task-mario_level-w4l1_rep-004.bk2,
sub-05,ses-003,Level4-1,False,True,3632,60.53333333333333,1458,210,-1,sub-05_ses-003_task-mario_level-w4l1_rep-005.bk2,
sub-05,ses-003,Level4-1,False,True,4092,68.2,456,120,-1,sub-05_ses-003_task-mario_level-w4l1_rep-006.bk2,
sub-05,ses-008,Level4-1,False,True,4356,72.6,1412,0,-1,sub-05_ses-008_task-mario_level-w4l1_rep-000.bk2,
sub-05,ses-009,Level4-1,False,False,3364,56.06666666666667,426,100,0,sub-05_ses-009_task-mario_level-w4l1_rep-000.bk2,
sub-05,ses-010,Level4-1,False,True,2972,49.53333333333333,421,0,-1,sub-05_ses-010_task-mario_level-w4l1_rep-000.bk2,
sub-05,ses-011,Level4-1,False,True,2544,42.4,645,100,-1,sub-05_ses-011_task-mario_level-w4l1_rep-000.bk2,
sub-05,ses-011,Level4-1,False,True,2294,38.233333333333334,668,0,-1,sub-05_ses-011_task-mario_level-w4l1_rep-001.bk2,
sub-05,ses-012,Level4-1,True,False,6044,100.73333333333333,3593,740,0,sub-05_ses-012_task-mario_level-w4l1_rep-000.bk2,
sub-05,ses-013,Level4-1,False,False,2747,45.78333333333333,425,20,0,sub-05_ses-013_task-mario_level-w4l1_rep-000.bk2,
sub-05,ses-014,Level4-1,True,False,5624,93.73333333333333,3593,260,1,sub-05_ses-014_task-mario_level-w4l1_rep-000.bk2,
sub-05,ses-014,Level4-1,True,False,3903,65.05,3593,260,1,sub-05_ses-014_task-mario_level-w4l1_rep-001.bk2,
sub-05,ses-015,Level4-1,True,False,5658,94.3,3593,760,2,sub-05_ses-015_task-mario_level-w4l1_rep-000.bk2,
sub-05,ses-016,Level4-1,True,False,4230,70.5,3593,480,1,sub-05_ses-016_task-mario_level-w4l1_rep-000.bk2,
sub-05,ses-017,Level4-1,False,True,2300,38.333333333333336,418,100,-1,sub-05_ses-017_task-mario_level-w4l1_rep-000.bk2,
sub-05,ses-017,Level4-1,False,True,2458,40.96666666666667,471,0,-1,sub-05_ses-017_task-mario_level-w4l1_rep-001.bk2,
sub-05,ses-018,Level4-1,True,False,4789,79.81666666666666,3593,580,1,sub-05_ses-018_task-mario_level-w4l1_rep-000.bk2,
sub-05,ses-019,Level4-1,False,True,2220,37.0,389,0,-1,sub-05_ses-019_task-mario_level-w4l1_rep-000.bk2,
sub-05,ses-019,Level4-1,False,True,2947,49.11666666666667,674,20,-1,sub-05_ses-019_task-mario_level-w4l1_rep-001.bk2,
sub-05,ses-020,Level4-1,False,True,3715,61.916666666666664,1409,180,-1,sub-05_ses-020_task-mario_level-w4l1_rep-000.bk2,
sub-05,ses-020,Level4-1,False,True,5045,84.08333333333333,2400,560,-1,sub-05_ses-020_task-mario_level-w4l1_rep-001.bk2,
sub-05,ses-021,Level4-1,False,True,2593,43.21666666666667,674,100,-1,sub-05_ses-021_task-mario_level-w4l1_rep-000.bk2,
sub-05,ses-022,Level4-1,True,False,6811,113.51666666666667,3593,1080,1,sub-05_ses-022_task-mario_level-w4l1_rep-000.bk2,
sub-06,ses-002,Level4-1,True,False,11777,196.28333333333333,3593,1615,1,sub-06_ses-002_task-mario_level-w4l1_rep-003.bk2,
sub-06,ses-002,Level4-1,True,False,5613,93.55,3593,1080,2,sub-06_ses-002_task-mario_level-w4l1_rep-004.bk2,
sub-06,ses-002,Level4-1,True,False,7434,123.9,3593,1330,1,sub-06_ses-002_task-mario_level-w4l1_rep-005.bk2,
sub-06,ses-002,Level4-1,True,False,4942,82.36666666666666,3593,1100,2,sub-06_ses-002_task-mario_level-w4l1_rep-006.bk2,
sub-06,ses-002,Level4-1,True,False,5116,85.26666666666667,3593,1060,2,sub-06_ses-002_task-mario_level-w4l1_rep-007.bk2,
sub-06,ses-007,Level4-1,False,True,2421,40.35,499,20,-1,sub-06_ses-007_task-mario_level-w4l1_rep-000.bk2,
sub-06,ses-008,Level4-1,False,True,4352,72.53333333333333,1097,220,-1,sub-06_ses-008_task-mario_level-w4l1_rep-000.bk2,
sub-06,ses-009,Level4-1,False,True,3590,59.833333333333336,455,20,-1,sub-06_ses-009_task-mario_level-w4l1_rep-000.bk2,
sub-06,ses-011,Level4-1,False,True,4102,68.36666666666666,1434,220,-1,sub-06_ses-011_task-mario_level-w4l1_rep-000.bk2,
sub-06,ses-011,Level4-1,False,True,4347,72.45,1436,320,-1,sub-06_ses-011_task-mario_level-w4l1_rep-001.bk2,
sub-06,ses-012,Level4-1,True,False,6619,110.31666666666666,3593,1100,1,sub-06_ses-012_task-mario_level-w4l1_rep-000.bk2,
sub-06,ses-013,Level4-1,False,True,3583,59.71666666666667,1534,280,-1,sub-06_ses-013_task-mario_level-w4l1_rep-000.bk2,
sub-06,ses-013,Level4-1,True,False,4590,76.5,3593,780,1,sub-06_ses-013_task-mario_level-w4l1_rep-001.bk2,
sub-06,ses-015,Level4-1,False,True,3221,53.68333333333333,659,120,-1,sub-06_ses-015_task-mario_level-w4l1_rep-000.bk2,
sub-06,ses-015,Level4-1,True,False,3308,55.13333333333333,3593,535,2,sub-06_ses-015_task-mario_level-w4l1_rep-001.bk2,
sub-06,ses-016,Level4-1,False,True,2808,46.8,417,30,-1,sub-06_ses-016_task-mario_level-w4l1_rep-000.bk2,
sub-06,ses-016,Level4-1,False,True,3557,59.28333333333333,664,200,-1,sub-06_ses-016_task-mario_level-w4l1_rep-001.bk2,
sub-06,ses-019,Level4-1,True,False,5077,84.61666666666666,3593,1200,2,sub-06_ses-019_task-mario_level-w4l1_rep-000.bk2,
sub-06,ses-019,Level4-1,True,False,3049,50.81666666666667,3593,560,2,sub-06_ses-019_task-mario_level-w4l1_rep-001.bk2,
sub-06,ses-020,Level4-1,True,False,3181,53.016666666666666,3593,640,2,sub-06_ses-020_task-mario_level-w4l1_rep-000.bk2,
sub-06,ses-022,Level4-1,False,True,2732,45.53333333333333,444,0,-1,sub-06_ses-022_task-mario_level-w4l1_rep-000.bk2,
sub-06,ses-022,Level4-1,True,False,3647,60.78333333333333,3593,420,1,sub-06_ses-022_task-mario_level-w4l1_rep-003.bk2,
sub-06,ses-023,Level4-1,True,False,2891,48.18333333333333,3593,500,2,sub-06_ses-023_task-mario_level-w4l1_rep-000.bk2,
sub-06,ses-024,Level4-1,True,False,3616,60.266666666666666,3593,740,2,sub-06_ses-024_task-mario_level-w4l1_rep-000.bk2,
sub-06,ses-024,Level4-1,True,False,3219,53.65,3593,880,2,sub-06_ses-024_task-mario_level-w4l1_rep-001.bk2,
sub-06,ses-025,Level4-1,False,False,5164,86.06666666666666,2543,440,0,sub-06_ses-025_task-mario_level-w4l1_rep-000.bk2,
sub-06,ses-025,Level4-1,True,False,2955,49.25,3593,460,2,sub-06_ses-025_task-mario_level-w4l1_rep-001.bk2,
sub-01,ses-003,Level4-2,False,False,4692,78.2,3538,220,0,sub-01_ses-003_task-mario_level-w4l2_rep-000.bk2,
sub-01,ses-003,Level4-2,False,True,2082,34.7,1066,70,-1,sub-01_ses-003_task-mario_level-w4l2_rep-001.bk2,
sub-01,ses-003,Level4-2,False,True,2144,35.733333333333334,1092,70,-1,sub-01_ses-003_task-mario_level-w4l2_rep-002.bk2,
sub-01,ses-003,Level4-2,False,False,2530,42.166666666666664,1093,70,0,sub-01_ses-003_task-mario_level-w4l2_rep-003.bk2,
sub-01,ses-003,Level4-2,False,True,2025,33.75,1051,110,-1,sub-01_ses-003_task-mario_level-w4l2_rep-004.bk2,
sub-01,ses-003,Level4-2,False,True,2297,38.28333333333333,1056,110,-1,sub-01_ses-003_task-mario_level-w4l2_rep-005.bk2,
sub-01,ses-003,Level4-2,False,True,2329,38.81666666666667,1071,70,-1,sub-01_ses-003_task-mario_level-w4l2_rep-006.bk2,
sub-01,ses-003,Level4-2,False,True,4109,68.48333333333333,2286,80,-1,sub-01_ses-003_task-mario_level-w4l2_rep-007.bk2,
sub-01,ses-003,Level4-2,False,True,2644,44.06666666666667,1095,70,-1,sub-01_ses-003_task-mario_level-w4l2_rep-008.bk2,
sub-01,ses-007,Level4-2,False,True,3180,53.0,1097,130,-1,sub-01_ses-007_task-mario_level-w4l2_rep-000.bk2,
sub-01,ses-007,Level4-2,False,True,3923,65.38333333333334,1234,440,-1,sub-01_ses-007_task-mario_level-w4l2_rep-001.bk2,
sub-01,ses-007,Level4-2,False,True,4178,69.63333333333334,1235,350,-1,sub-01_ses-007_task-mario_level-w4l2_rep-002.bk2,
sub-01,ses-008,Level4-2,False,True,1845,30.75,660,60,-1,sub-01_ses-008_task-mario_level-w4l2_rep-000.bk2,
sub-01,ses-009,Level4-2,False,True,2536,42.266666666666666,889,200,-1,sub-01_ses-009_task-mario_level-w4l2_rep-000.bk2,
sub-01,ses-009,Level4-2,False,True,3022,50.36666666666667,2142,70,-1,sub-01_ses-009_task-mario_level-w4l2_rep-001.bk2,
sub-01,ses-010,Level4-2,False,True,2849,47.483333333333334,1249,70,-1,sub-01_ses-010_task-mario_level-w4l2_rep-000.bk2,
sub-01,ses-010,Level4-2,False,True,3379,56.31666666666667,1059,320,-1,sub-01_ses-010_task-mario_level-w4l2_rep-001.bk2,
sub-01,ses-011,Level4-2,False,True,2606,43.43333333333333,657,60,-1,sub-01_ses-011_task-mario_level-w4l2_rep-000.bk2,
sub-01,ses-011,Level4-2,False,False,2214,36.9,1566,70,0,sub-01_ses-011_task-mario_level-w4l2_rep-001.bk2,
sub-01,ses-013,Level4-2,False,True,2720,45.333333333333336,1333,130,-1,sub-01_ses-013_task-mario_level-w4l2_rep-000.bk2,
sub-01,ses-013,Level4-2,False,True,2373,39.55,1559,70,-1,sub-01_ses-013_task-mario_level-w4l2_rep-001.bk2,
sub-01,ses-014,Level4-2,False,True,3445,57.416666666666664,2656,70,-1,sub-01_ses-014_task-mario_level-w4l2_rep-000.bk2,
sub-01,ses-014,Level4-2,False,True,2341,39.016666666666666,787,50,-1,sub-01_ses-014_task-mario_level-w4l2_rep-001.bk2,
sub-01,ses-015,Level4-2,False,True,2752,45.86666666666667,1833,80,-1,sub-01_ses-015_task-mario_level-w4l2_rep-000.bk2,
sub-01,ses-015,Level4-2,False,True,2019,33.65,1065,50,-1,sub-01_ses-015_task-mario_level-w4l2_rep-001.bk2,
sub-01,ses-016,Level4-2,False,True,2416,40.266666666666666,1350,70,-1,sub-01_ses-016_task-mario_level-w4l2_rep-000.bk2,
sub-01,ses-016,Level4-2,False,False,3302,55.03333333333333,1129,170,0,sub-01_ses-016_task-mario_level-w4l2_rep-001.bk2,
sub-01,ses-017,Level4-2,False,False,2026,33.766666666666666,1234,110,1,sub-01_ses-017_task-mario_level-w4l2_rep-000.bk2,
sub-01,ses-017,Level4-2,False,True,3304,55.06666666666667,1206,90,-1,sub-01_ses-017_task-mario_level-w4l2_rep-001.bk2,
sub-01,ses-018,Level4-2,False,True,1965,32.75,658,60,-1,sub-01_ses-018_task-mario_level-w4l2_rep-000.bk2,
sub-01,ses-018,Level4-2,True,False,2492,41.53333333333333,3161,280,2,sub-01_ses-018_task-mario_level-w4l2_rep-001.bk2,
sub-01,ses-020,Level4-2,False,True,2190,36.5,1089,70,-1,sub-01_ses-020_task-mario_level-w4l2_rep-000.bk2,
sub-01,ses-020,Level4-2,False,True,3190,53.166666666666664,965,270,-1,sub-01_ses-020_task-mario_level-w4l2_rep-001.bk2,
sub-01,ses-021,Level4-2,False,False,2393,39.88333333333333,1116,175,0,sub-01_ses-021_task-mario_level-w4l2_rep-000.bk2,
sub-01,ses-021,Level4-2,False,True,2872,47.86666666666667,1234,215,-1,sub-01_ses-021_task-mario_level-w4l2_rep-001.bk2,
sub-02,ses-003,Level4-2,False,True,1922,32.03333333333333,479,0,-1,sub-02_ses-003_task-mario_level-w4l2_rep-000.bk2,
sub-02,ses-003,Level4-2,False,True,3307,55.11666666666667,956,250,-1,sub-02_ses-003_task-mario_level-w4l2_rep-001.bk2,
sub-02,ses-003,Level4-2,False,True,3647,60.78333333333333,1834,315,-1,sub-02_ses-003_task-mario_level-w4l2_rep-002.bk2,
sub-02,ses-003,Level4-2,False,True,2909,48.483333333333334,1123,175,-1,sub-02_ses-003_task-mario_level-w4l2_rep-003.bk2,
sub-02,ses-003,Level4-2,False,False,4291,71.51666666666667,1821,255,0,sub-02_ses-003_task-mario_level-w4l2_rep-004.bk2,
sub-02,ses-003,Level4-2,False,True,3541,59.016666666666666,1234,525,-1,sub-02_ses-003_task-mario_level-w4l2_rep-005.bk2,
sub-02,ses-003,Level4-2,False,True,2569,42.81666666666667,1057,90,-1,sub-02_ses-003_task-mario_level-w4l2_rep-006.bk2,
sub-02,ses-007,Level4-2,False,True,4300,71.66666666666667,2000,285,-1,sub-02_ses-007_task-mario_level-w4l2_rep-000.bk2,
sub-02,ses-008,Level4-2,False,True,5163,86.05,2180,390,-1,sub-02_ses-008_task-mario_level-w4l2_rep-000.bk2,
sub-02,ses-009,Level4-2,False,True,2950,49.166666666666664,1078,205,-1,sub-02_ses-009_task-mario_level-w4l2_rep-000.bk2,
sub-02,ses-009,Level4-2,False,True,3220,53.666666666666664,1096,190,-1,sub-02_ses-009_task-mario_level-w4l2_rep-001.bk2,
sub-02,ses-010,Level4-2,False,True,3923,65.38333333333334,1074,200,-1,sub-02_ses-010_task-mario_level-w4l2_rep-000.bk2,
sub-02,ses-010,Level4-2,False,True,4142,69.03333333333333,1634,340,-1,sub-02_ses-010_task-mario_level-w4l2_rep-001.bk2,
sub-02,ses-011,Level4-2,False,False,2500,41.666666666666664,1097,175,0,sub-02_ses-011_task-mario_level-w4l2_rep-000.bk2,
sub-02,ses-012,Level4-2,False,True,2980,49.666666666666664,1119,225,-1,sub-02_ses-012_task-mario_level-w4l2_rep-000.bk2,
sub-02,ses-012,Level4-2,False,True,3404,56.733333333333334,1075,325,-1,sub-02_ses-012_task-mario_level-w4l2_rep-001.bk2,
sub-02,ses-013,Level4-2,False,True,10140,169.0,2866,1090,-1,sub-02_ses-013_task-mario_level-w4l2_rep-000.bk2,
sub-02,ses-014,Level4-2,False,True,3035,50.583333333333336,1092,330,-1,sub-02_ses-014_task-mario_level-w4l2_rep-000.bk2,
sub-02,ses-014,Level4-2,False,True,3143,52.38333333333333,1012,325,-1,sub-02_ses-014_task-mario_level-w4l2_rep-001.bk2,
sub-02,ses-016,Level4-2,False,True,3225,53.75,855,255,-1,sub-02_ses-016_task-mario_level-w4l2_rep-000.bk2,
sub-02,ses-016,Level4-2,True,False,6737,112.28333333333333,3161,730,2,sub-02_ses-016_task-mario_level-w4l2_rep-001.bk2,
sub-02,ses-017,Level4-2,False,True,4312,71.86666666666666,1005,300,-1,sub-02_ses-017_task-mario_level-w4l2_rep-000.bk2,
sub-02,ses-018,Level4-2,True,False,7861,131.01666666666668,3161,1050,2,sub-02_ses-018_task-mario_level-w4l2_rep-000.bk2,
sub-02,ses-019,Level4-2,False,True,3493,58.21666666666667,1076,245,-1,sub-02_ses-019_task-mario_level-w4l2_rep-000.bk2,
sub-02,ses-019,Level4-2,True,False,5830,97.16666666666667,3161,770,2,sub-02_ses-019_task-mario_level-w4l2_rep-001.bk2,
sub-02,ses-020,Level4-2,True,False,7637,127.28333333333333,3161,940,1,sub-02_ses-020_task-mario_level-w4l2_rep-000.bk2,
sub-02,ses-021,Level4-2,False,True,7067,117.78333333333333,2866,645,-1,sub-02_ses-021_task-mario_level-w4l2_rep-000.bk2,
sub-02,ses-022,Level4-2,False,True,4557,75.95,1234,595,-1,sub-02_ses-022_task-mario_level-w4l2_rep-000.bk2,
sub-02,ses-023,Level4-2,False,True,3715,61.916666666666664,1079,295,-1,sub-02_ses-023_task-mario_level-w4l2_rep-000.bk2,
sub-03,ses-003,Level4-2,False,False,5137,85.61666666666666,3528,170,2,sub-03_ses-003_task-mario_level-w4l2_rep-000.bk2,
sub-03,ses-003,Level4-2,False,True,7804,130.06666666666666,2947,570,-1,sub-03_ses-003_task-mario_level-w4l2_rep-001.bk2,
sub-03,ses-003,Level4-2,False,True,3991,66.51666666666667,1080,240,-1,sub-03_ses-003_task-mario_level-w4l2_rep-002.bk2,
sub-03,ses-003,Level4-2,False,True,5758,95.96666666666667,2173,245,-1,sub-03_ses-003_task-mario_level-w4l2_rep-003.bk2,
sub-03,ses-003,Level4-2,False,True,4991,83.18333333333334,1234,475,-1,sub-03_ses-003_task-mario_level-w4l2_rep-004.bk2,
sub-03,ses-003,Level4-2,False,True,4345,72.41666666666667,1049,250,-1,sub-03_ses-003_task-mario_level-w4l2_rep-005.bk2,
sub-03,ses-010,Level4-2,False,False,7906,131.76666666666668,3539,615,1,sub-03_ses-010_task-mario_level-w4l2_rep-000.bk2,
sub-03,ses-012,Level4-2,False,True,5038,83.96666666666667,1092,470,-1,sub-03_ses-012_task-mario_level-w4l2_rep-000.bk2,
sub-03,ses-013,Level4-2,False,True,3904,65.06666666666666,1091,160,-1,sub-03_ses-013_task-mario_level-w4l2_rep-000.bk2,
sub-03,ses-015,Level4-2,False,True,4630,77.16666666666667,1100,295,-1,sub-03_ses-015_task-mario_level-w4l2_rep-000.bk2,
sub-03,ses-015,Level4-2,False,False,5171,86.18333333333334,3539,470,2,sub-03_ses-015_task-mario_level-w4l2_rep-001.bk2,
sub-03,ses-016,Level4-2,False,False,4827,80.45,3540,290,1,sub-03_ses-016_task-mario_level-w4l2_rep-000.bk2,
sub-03,ses-018,Level4-2,False,True,3798,63.3,1062,310,-1,sub-03_ses-018_task-mario_level-w4l2_rep-000.bk2,
sub-03,ses-019,Level4-2,False,True,4357,72.61666666666666,1069,330,-1,sub-03_ses-019_task-mario_level-w4l2_rep-000.bk2,
sub-03,ses-019,Level4-2,False,True,3799,63.31666666666667,934,295,-1,sub-03_ses-019_task-mario_level-w4l2_rep-001.bk2,
sub-03,ses-020,Level4-2,False,True,3819,63.65,1099,250,-1,sub-03_ses-020_task-mario_level-w4l2_rep-000.bk2,
sub-03,ses-021,Level4-2,False,True,4439,73.98333333333333,1046,280,-1,sub-03_ses-021_task-mario_level-w4l2_rep-000.bk2,
sub-03,ses-022,Level4-2,False,False,5550,92.5,3539,370,1,sub-03_ses-022_task-mario_level-w4l2_rep-000.bk2,
sub-03,ses-024,Level4-2,False,False,5715,95.25,3539,480,1,sub-03_ses-024_task-mario_level-w4l2_rep-001.bk2,
sub-03,ses-025,Level4-2,False,False,3829,63.81666666666667,3539,270,2,sub-03_ses-025_task-mario_level-w4l2_rep-000.bk2,
sub-03,ses-025,Level4-2,False,False,4163,69.38333333333334,1112,215,0,sub-03_ses-025_task-mario_level-w4l2_rep-001.bk2,
sub-03,ses-026,Level4-2,False,True,3484,58.06666666666667,915,245,-1,sub-03_ses-026_task-mario_level-w4l2_rep-000.bk2,
sub-03,ses-027,Level4-2,False,True,4240,70.66666666666667,1074,320,-1,sub-03_ses-027_task-mario_level-w4l2_rep-000.bk2,
sub-03,ses-028,Level4-2,False,False,3559,59.31666666666667,3539,275,2,sub-03_ses-028_task-mario_level-w4l2_rep-000.bk2,
sub-03,ses-029,Level4-2,False,False,6923,115.38333333333334,3538,450,0,sub-03_ses-029_task-mario_level-w4l2_rep-000.bk2,
sub-03,ses-029,Level4-2,False,True,3077,51.28333333333333,1075,245,-1,sub-03_ses-029_task-mario_level-w4l2_rep-001.bk2,
sub-03,ses-030,Level4-2,False,True,3350,55.833333333333336,1075,285,-1,sub-03_ses-030_task-mario_level-w4l2_rep-000.bk2,
sub-05,ses-003,Level4-2,True,False,10325,172.08333333333334,3161,1210,1,sub-05_ses-003_task-mario_level-w4l2_rep-000.bk2,
sub-05,ses-003,Level4-2,False,True,4023,67.05,1071,215,-1,sub-05_ses-003_task-mario_level-w4l2_rep-001.bk2,
sub-05,ses-003,Level4-2,False,True,4858,80.96666666666667,1136,485,-1,sub-05_ses-003_task-mario_level-w4l2_rep-002.bk2,
sub-05,ses-003,Level4-2,True,False,14183,236.38333333333333,3161,1850,0,sub-05_ses-003_task-mario_level-w4l2_rep-003.bk2,
sub-05,ses-009,Level4-2,False,False,5595,93.25,1089,1075,1,sub-05_ses-009_task-mario_level-w4l2_rep-000.bk2,
sub-05,ses-009,Level4-2,False,True,6301,105.01666666666667,1151,235,-1,sub-05_ses-009_task-mario_level-w4l2_rep-001.bk2,
sub-05,ses-010,Level4-2,False,True,2595,43.25,423,0,-1,sub-05_ses-010_task-mario_level-w4l2_rep-000.bk2,
sub-05,ses-011,Level4-2,False,False,4198,69.96666666666667,3538,420,2,sub-05_ses-011_task-mario_level-w4l2_rep-000.bk2,
sub-05,ses-011,Level4-2,False,False,3777,62.95,3539,300,0,sub-05_ses-011_task-mario_level-w4l2_rep-001.bk2,
sub-05,ses-013,Level4-2,False,False,2908,48.46666666666667,3538,365,2,sub-05_ses-013_task-mario_level-w4l2_rep-000.bk2,
sub-05,ses-013,Level4-2,False,False,3755,62.583333333333336,3539,370,1,sub-05_ses-013_task-mario_level-w4l2_rep-001.bk2,
sub-05,ses-014,Level4-2,False,True,2966,49.43333333333333,1075,210,-1,sub-05_ses-014_task-mario_level-w4l2_rep-000.bk2,
sub-05,ses-015,Level4-2,True,False,17138,285.6333333333333,3161,1690,1,sub-05_ses-015_task-mario_level-w4l2_rep-000.bk2,
sub-05,ses-015,Level4-2,False,True,3300,55.0,1091,330,-1,sub-05_ses-015_task-mario_level-w4l2_rep-001.bk2,
sub-05,ses-016,Level4-2,False,True,1900,31.666666666666668,450,0,-1,sub-05_ses-016_task-mario_level-w4l2_rep-000.bk2,
sub-05,ses-017,Level4-2,False,True,4935,82.25,2110,415,-1,sub-05_ses-017_task-mario_level-w4l2_rep-000.bk2,
sub-05,ses-017,Level4-2,False,True,2392,39.86666666666667,925,245,-1,sub-05_ses-017_task-mario_level-w4l2_rep-001.bk2,
sub-05,ses-018,Level4-2,False,True,3748,62.46666666666667,1070,190,-1,sub-05_ses-018_task-mario_level-w4l2_rep-000.bk2,
sub-05,ses-018,Level4-2,False,True,3321,55.35,1100,175,-1,sub-05_ses-018_task-mario_level-w4l2_rep-001.bk2,
sub-05,ses-019,Level4-2,False,False,3768,62.8,949,225,0,sub-05_ses-019_task-mario_level-w4l2_rep-000.bk2,
sub-05,ses-020,Level4-2,False,True,8129,135.48333333333332,2660,790,-1,sub-05_ses-020_task-mario_level-w4l2_rep-000.bk2,
sub-05,ses-020,Level4-2,False,True,5100,85.0,961,325,-1,sub-05_ses-020_task-mario_level-w4l2_rep-001.bk2,
sub-05,ses-021,Level4-2,False,True,5741,95.68333333333334,1044,455,-1,sub-05_ses-021_task-mario_level-w4l2_rep-000.bk2,
sub-05,ses-022,Level4-2,False,True,5531,92.18333333333334,1065,260,-1,sub-05_ses-022_task-mario_level-w4l2_rep-000.bk2,
sub-05,ses-022,Level4-2,False,True,4003,66.71666666666667,1139,195,-1,sub-05_ses-022_task-mario_level-w4l2_rep-001.bk2,
sub-06,ses-002,Level4-2,False,False,8643,144.05,3538,835,2,sub-06_ses-002_task-mario_level-w4l2_rep-000.bk2,
sub-06,ses-002,Level4-2,False,True,3401,56.68333333333333,599,190,-1,sub-06_ses-002_task-mario_level-w4l2_rep-001.bk2,
sub-06,ses-002,Level4-2,False,True,5171,86.18333333333334,1099,225,-1,sub-06_ses-002_task-mario_level-w4l2_rep-002.bk2,
sub-06,ses-002,Level4-2,False,False,6687,111.45,1075,285,1,sub-06_ses-002_task-mario_level-w4l2_rep-003.bk2,
sub-06,ses-007,Level4-2,False,False,12739,212.31666666666666,3538,1120,0,sub-06_ses-007_task-mario_level-w4l2_rep-000.bk2,
sub-06,ses-008,Level4-2,False,False,10635,177.25,3539,1295,1,sub-06_ses-008_task-mario_level-w4l2_rep-000.bk2,
sub-06,ses-009,Level4-2,False,True,6651,110.85,1076,180,-1,sub-06_ses-009_task-mario_level-w4l2_rep-000.bk2,
sub-06,ses-010,Level4-2,False,True,3051,50.85,602,170,-1,sub-06_ses-010_task-mario_level-w4l2_rep-000.bk2,
sub-06,ses-011,Level4-2,False,True,5869,97.81666666666666,1075,205,-1,sub-06_ses-011_task-mario_level-w4l2_rep-000.bk2,
sub-06,ses-011,Level4-2,False,False,6347,105.78333333333333,1077,1050,1,sub-06_ses-011_task-mario_level-w4l2_rep-001.bk2,
sub-06,ses-013,Level4-2,False,False,6187,103.11666666666666,1011,610,0,sub-06_ses-013_task-mario_level-w4l2_rep-000.bk2,
sub-06,ses-014,Level4-2,False,False,5854,97.56666666666666,1073,765,2,sub-06_ses-014_task-mario_level-w4l2_rep-000.bk2,
sub-06,ses-015,Level4-2,False,False,6150,102.5,1060,480,0,sub-06_ses-015_task-mario_level-w4l2_rep-000.bk2,
sub-06,ses-015,Level4-2,False,True,2686,44.766666666666666,635,165,-1,sub-06_ses-015_task-mario_level-w4l2_rep-001.bk2,
sub-06,ses-016,Level4-2,False,False,8593,143.21666666666667,1131,1780,1,sub-06_ses-016_task-mario_level-w4l2_rep-000.bk2,
sub-06,ses-017,Level4-2,False,False,6210,103.5,1073,1070,2,sub-06_ses-017_task-mario_level-w4l2_rep-000.bk2,
sub-06,ses-019,Level4-2,False,False,6184,103.06666666666666,1075,1110,2,sub-06_ses-019_task-mario_level-w4l2_rep-000.bk2,
sub-06,ses-019,Level4-2,False,False,6004,100.06666666666666,1138,220,2,sub-06_ses-019_task-mario_level-w4l2_rep-001.bk2,
sub-06,ses-021,Level4-2,False,False,6364,106.06666666666666,1073,1120,2,sub-06_ses-021_task-mario_level-w4l2_rep-000.bk2,
sub-06,ses-021,Level4-2,False,True,5299,88.31666666666666,1135,410,-1,sub-06_ses-021_task-mario_level-w4l2_rep-001.bk2,
sub-06,ses-023,Level4-2,False,True,6078,101.3,1073,260,-1,sub-06_ses-023_task-mario_level-w4l2_rep-000.bk2,
sub-06,ses-023,Level4-2,False,False,5561,92.68333333333334,1106,480,0,sub-06_ses-023_task-mario_level-w4l2_rep-001.bk2,
sub-06,ses-023,Level4-2,False,False,4947,82.45,1079,640,0,sub-06_ses-023_task-mario_level-w4l2_rep-002.bk2,
sub-06,ses-024,Level4-2,False,False,6495,108.25,1071,1135,2,sub-06_ses-024_task-mario_level-w4l2_rep-000.bk2,
sub-06,ses-025,Level4-2,False,False,6297,104.95,1075,1135,2,sub-06_ses-025_task-mario_level-w4l2_rep-000.bk2,
sub-01,ses-003,Level4-3,True,False,3595,59.916666666666664,2345,530,2,sub-01_ses-003_task-mario_level-w4l3_rep-000.bk2,
sub-01,ses-003,Level4-3,False,True,3345,55.75,998,660,-1,sub-01_ses-003_task-mario_level-w4l3_rep-001.bk2,
sub-01,ses-003,Level4-3,False,True,3341,55.68333333333333,921,100,-1,sub-01_ses-003_task-mario_level-w4l3_rep-002.bk2,
sub-01,ses-003,Level4-3,True,False,3145,52.416666666666664,2345,640,1,sub-01_ses-003_task-mario_level-w4l3_rep-003.bk2,
sub-01,ses-003,Level4-3,True,False,1954,32.56666666666667,2345,440,2,sub-01_ses-003_task-mario_level-w4l3_rep-004.bk2,
sub-01,ses-003,Level4-3,True,False,2125,35.416666666666664,2345,440,2,sub-01_ses-003_task-mario_level-w4l3_rep-005.bk2,
sub-01,ses-003,Level4-3,False,False,2378,39.63333333333333,2339,550,2,sub-01_ses-003_task-mario_level-w4l3_rep-006.bk2,
sub-01,ses-003,Level4-3,False,False,2340,39.0,1397,190,0,sub-01_ses-003_task-mario_level-w4l3_rep-007.bk2,
sub-01,ses-003,Level4-3,False,False,2168,36.13333333333333,2228,520,1,sub-01_ses-003_task-mario_level-w4l3_rep-008.bk2,
sub-01,ses-003,Level4-3,False,True,2464,41.06666666666667,963,280,-1,sub-01_ses-003_task-mario_level-w4l3_rep-009.bk2,
sub-01,ses-003,Level4-3,True,False,1782,29.7,2345,460,2,sub-01_ses-003_task-mario_level-w4l3_rep-010.bk2,
sub-01,ses-007,Level4-3,True,False,4125,68.75,2345,520,1,sub-01_ses-007_task-mario_level-w4l3_rep-000.bk2,
sub-01,ses-007,Level4-3,True,False,2250,37.5,2345,400,2,sub-01_ses-007_task-mario_level-w4l3_rep-001.bk2,
sub-01,ses-008,Level4-3,True,False,3267,54.45,2345,600,1,sub-01_ses-008_task-mario_level-w4l3_rep-000.bk2,
sub-01,ses-008,Level4-3,True,False,4469,74.48333333333333,2345,570,0,sub-01_ses-008_task-mario_level-w4l3_rep-001.bk2,
sub-01,ses-009,Level4-3,True,False,3982,66.36666666666666,2345,730,0,sub-01_ses-009_task-mario_level-w4l3_rep-000.bk2,
sub-01,ses-009,Level4-3,True,False,3599,59.983333333333334,2345,350,0,sub-01_ses-009_task-mario_level-w4l3_rep-001.bk2,
sub-01,ses-009,Level4-3,False,True,2357,39.28333333333333,605,320,-1,sub-01_ses-009_task-mario_level-w4l3_rep-002.bk2,
sub-01,ses-010,Level4-3,False,True,3028,50.46666666666667,755,480,-1,sub-01_ses-010_task-mario_level-w4l3_rep-000.bk2,
sub-01,ses-011,Level4-3,True,False,3526,58.766666666666666,2345,420,0,sub-01_ses-011_task-mario_level-w4l3_rep-000.bk2,
sub-01,ses-011,Level4-3,True,False,3354,55.9,2345,470,0,sub-01_ses-011_task-mario_level-w4l3_rep-001.bk2,
sub-01,ses-012,Level4-3,False,False,3431,57.18333333333333,1216,390,0,sub-01_ses-012_task-mario_level-w4l3_rep-000.bk2,
sub-01,ses-013,Level4-3,False,True,2503,41.71666666666667,699,240,-1,sub-01_ses-013_task-mario_level-w4l3_rep-000.bk2,
sub-01,ses-014,Level4-3,True,False,2375,39.583333333333336,2345,280,2,sub-01_ses-014_task-mario_level-w4l3_rep-000.bk2,
sub-01,ses-014,Level4-3,False,True,3031,50.516666666666666,923,180,-1,sub-01_ses-014_task-mario_level-w4l3_rep-001.bk2,
sub-01,ses-015,Level4-3,True,False,4243,70.71666666666667,2345,640,0,sub-01_ses-015_task-mario_level-w4l3_rep-000.bk2,
sub-01,ses-015,Level4-3,True,False,4294,71.56666666666666,2345,570,0,sub-01_ses-015_task-mario_level-w4l3_rep-001.bk2,
sub-01,ses-016,Level4-3,True,False,4307,71.78333333333333,2345,560,1,sub-01_ses-016_task-mario_level-w4l3_rep-000.bk2,
sub-01,ses-016,Level4-3,True,False,3475,57.916666666666664,2345,500,1,sub-01_ses-016_task-mario_level-w4l3_rep-001.bk2,
sub-01,ses-017,Level4-3,True,False,2982,49.7,2345,460,1,sub-01_ses-017_task-mario_level-w4l3_rep-000.bk2,
sub-01,ses-017,Level4-3,False,True,3430,57.166666666666664,1451,530,-1,sub-01_ses-017_task-mario_level-w4l3_rep-001.bk2,
sub-01,ses-018,Level4-3,False,True,2779,46.31666666666667,943,220,-1,sub-01_ses-018_task-mario_level-w4l3_rep-000.bk2,
sub-01,ses-019,Level4-3,True,False,2661,44.35,2345,420,2,sub-01_ses-019_task-mario_level-w4l3_rep-000.bk2,
sub-01,ses-020,Level4-3,True,False,2647,44.11666666666667,2345,580,2,sub-01_ses-020_task-mario_level-w4l3_rep-000.bk2,
sub-01,ses-020,Level4-3,True,False,3087,51.45,2345,620,1,sub-01_ses-020_task-mario_level-w4l3_rep-001.bk2,
sub-01,ses-021,Level4-3,True,False,3786,63.1,2345,730,0,sub-01_ses-021_task-mario_level-w4l3_rep-000.bk2,
sub-01,ses-021,Level4-3,True,False,2380,39.666666666666664,2345,390,2,sub-01_ses-021_task-mario_level-w4l3_rep-001.bk2,
sub-02,ses-003,Level4-3,False,True,2418,40.3,524,80,-1,sub-02_ses-003_task-mario_level-w4l3_rep-000.bk2,
sub-02,ses-003,Level4-3,False,False,2889,48.15,664,260,0,sub-02_ses-003_task-mario_level-w4l3_rep-001.bk2,
sub-02,ses-003,Level4-3,False,True,4428,73.8,804,630,-1,sub-02_ses-003_task-mario_level-w4l3_rep-002.bk2,
sub-02,ses-003,Level4-3,False,True,4156,69.26666666666667,919,310,-1,sub-02_ses-003_task-mario_level-w4l3_rep-003.bk2,
sub-02,ses-003,Level4-3,False,True,4861,81.01666666666667,934,730,-1,sub-02_ses-003_task-mario_level-w4l3_rep-004.bk2,
sub-02,ses-003,Level4-3,True,False,4785,79.75,2345,780,1,sub-02_ses-003_task-mario_level-w4l3_rep-005.bk2,
sub-02,ses-003,Level4-3,False,True,3573,59.55,790,410,-1,sub-02_ses-003_task-mario_level-w4l3_rep-006.bk2,
sub-02,ses-003,Level4-3,False,True,2492,41.53333333333333,500,110,-1,sub-02_ses-003_task-mario_level-w4l3_rep-007.bk2,
sub-02,ses-007,Level4-3,False,False,4138,68.96666666666667,707,650,0,sub-02_ses-007_task-mario_level-w4l3_rep-000.bk2,
sub-02,ses-008,Level4-3,True,False,6449,107.48333333333333,2345,870,0,sub-02_ses-008_task-mario_level-w4l3_rep-001.bk2,
sub-02,ses-009,Level4-3,False,True,5175,86.25,759,930,-1,sub-02_ses-009_task-mario_level-w4l3_rep-000.bk2,
sub-02,ses-009,Level4-3,False,False,4041,67.35,2050,510,1,sub-02_ses-009_task-mario_level-w4l3_rep-001.bk2,
sub-02,ses-010,Level4-3,True,False,6618,110.3,2345,940,0,sub-02_ses-010_task-mario_level-w4l3_rep-000.bk2,
sub-02,ses-011,Level4-3,False,True,4721,78.68333333333334,2197,490,-1,sub-02_ses-011_task-mario_level-w4l3_rep-000.bk2,
sub-02,ses-011,Level4-3,False,True,3968,66.13333333333334,754,500,-1,sub-02_ses-011_task-mario_level-w4l3_rep-002.bk2,
sub-02,ses-012,Level4-3,False,True,3153,52.55,498,180,-1,sub-02_ses-012_task-mario_level-w4l3_rep-000.bk2,
sub-02,ses-012,Level4-3,True,False,3244,54.06666666666667,2345,650,2,sub-02_ses-012_task-mario_level-w4l3_rep-001.bk2,
sub-02,ses-013,Level4-3,True,False,4036,67.26666666666667,2345,810,2,sub-02_ses-013_task-mario_level-w4l3_rep-000.bk2,
sub-02,ses-014,Level4-3,False,True,4235,70.58333333333333,940,660,-1,sub-02_ses-014_task-mario_level-w4l3_rep-000.bk2,
sub-02,ses-015,Level4-3,True,False,3597,59.95,2345,610,2,sub-02_ses-015_task-mario_level-w4l3_rep-000.bk2,
sub-02,ses-016,Level4-3,False,True,5820,97.0,2196,630,-1,sub-02_ses-016_task-mario_level-w4l3_rep-000.bk2,
sub-02,ses-016,Level4-3,True,False,5654,94.23333333333333,2345,950,1,sub-02_ses-016_task-mario_level-w4l3_rep-001.bk2,
sub-02,ses-017,Level4-3,True,False,5158,85.96666666666667,2345,820,1,sub-02_ses-017_task-mario_level-w4l3_rep-000.bk2,
sub-02,ses-018,Level4-3,False,True,3593,59.88333333333333,1427,510,-1,sub-02_ses-018_task-mario_level-w4l3_rep-000.bk2,
sub-02,ses-019,Level4-3,True,False,3404,56.733333333333334,2345,610,2,sub-02_ses-019_task-mario_level-w4l3_rep-000.bk2,
sub-02,ses-019,Level4-3,True,False,3337,55.61666666666667,2345,620,2,sub-02_ses-019_task-mario_level-w4l3_rep-001.bk2,
sub-02,ses-020,Level4-3,True,False,5191,86.51666666666667,2345,670,1,sub-02_ses-020_task-mario_level-w4l3_rep-000.bk2,
sub-02,ses-020,Level4-3,False,True,2907,48.45,755,410,-1,sub-02_ses-020_task-mario_level-w4l3_rep-001.bk2,
sub-02,ses-022,Level4-3,False,True,2910,48.5,1379,260,-1,sub-02_ses-022_task-mario_level-w4l3_rep-000.bk2,
sub-02,ses-023,Level4-3,False,True,3157,52.61666666666667,937,380,-1,sub-02_ses-023_task-mario_level-w4l3_rep-000.bk2,
sub-03,ses-003,Level4-3,False,True,4077,67.95,660,560,-1,sub-03_ses-003_task-mario_level-w4l3_rep-000.bk2,
sub-03,ses-003,Level4-3,False,True,5060,84.33333333333333,688,590,-1,sub-03_ses-003_task-mario_level-w4l3_rep-001.bk2,
sub-03,ses-003,Level4-3,False,True,4311,71.85,664,580,-1,sub-03_ses-003_task-mario_level-w4l3_rep-002.bk2,
sub-03,ses-003,Level4-3,False,True,4331,72.18333333333334,679,540,-1,sub-03_ses-003_task-mario_level-w4l3_rep-003.bk2,
sub-03,ses-003,Level4-3,False,True,5543,92.38333333333334,675,760,-1,sub-03_ses-003_task-mario_level-w4l3_rep-004.bk2,
sub-03,ses-003,Level4-3,False,True,3568,59.46666666666667,668,410,-1,sub-03_ses-003_task-mario_level-w4l3_rep-005.bk2,
sub-03,ses-003,Level4-3,False,True,2694,44.9,669,340,-1,sub-03_ses-003_task-mario_level-w4l3_rep-006.bk2,
sub-03,ses-003,Level4-3,False,True,4865,81.08333333333333,664,580,-1,sub-03_ses-003_task-mario_level-w4l3_rep-007.bk2,
sub-03,ses-004,Level4-3,False,True,4838,80.63333333333334,943,560,-1,sub-03_ses-004_task-mario_level-w4l3_rep-000.bk2,
sub-03,ses-004,Level4-3,False,True,3993,66.55,715,570,-1,sub-03_ses-004_task-mario_level-w4l3_rep-001.bk2,
sub-03,ses-004,Level4-3,True,False,6973,116.21666666666667,2345,920,1,sub-03_ses-004_task-mario_level-w4l3_rep-002.bk2,
sub-03,ses-004,Level4-3,True,False,5457,90.95,2345,770,1,sub-03_ses-004_task-mario_level-w4l3_rep-003.bk2,
sub-03,ses-004,Level4-3,False,False,5387,89.78333333333333,1322,640,0,sub-03_ses-004_task-mario_level-w4l3_rep-004.bk2,
sub-03,ses-004,Level4-3,False,True,5131,85.51666666666667,1747,510,-1,sub-03_ses-004_task-mario_level-w4l3_rep-005.bk2,
sub-03,ses-004,Level4-3,False,True,3388,56.46666666666667,1303,390,-1,sub-03_ses-004_task-mario_level-w4l3_rep-006.bk2,
sub-03,ses-010,Level4-3,False,True,4173,69.55,829,520,-1,sub-03_ses-010_task-mario_level-w4l3_rep-000.bk2,
sub-03,ses-013,Level4-3,False,True,6156,102.6,2327,750,-1,sub-03_ses-013_task-mario_level-w4l3_rep-000.bk2,
sub-03,ses-013,Level4-3,False,True,5114,85.23333333333333,1582,710,-1,sub-03_ses-013_task-mario_level-w4l3_rep-001.bk2,
sub-03,ses-014,Level4-3,True,False,4640,77.33333333333333,2345,750,1,sub-03_ses-014_task-mario_level-w4l3_rep-000.bk2,
sub-03,ses-016,Level4-3,True,False,4159,69.31666666666666,2345,570,2,sub-03_ses-016_task-mario_level-w4l3_rep-000.bk2,
sub-03,ses-017,Level4-3,True,False,6218,103.63333333333334,2345,630,0,sub-03_ses-017_task-mario_level-w4l3_rep-001.bk2,
sub-03,ses-018,Level4-3,False,True,2892,48.2,467,120,-1,sub-03_ses-018_task-mario_level-w4l3_rep-000.bk2,
sub-03,ses-019,Level4-3,False,True,4674,77.9,760,780,-1,sub-03_ses-019_task-mario_level-w4l3_rep-000.bk2,
sub-03,ses-020,Level4-3,True,False,3512,58.53333333333333,2345,630,2,sub-03_ses-020_task-mario_level-w4l3_rep-000.bk2,
sub-03,ses-021,Level4-3,True,False,6333,105.55,2345,690,0,sub-03_ses-021_task-mario_level-w4l3_rep-000.bk2,
sub-03,ses-022,Level4-3,False,True,5798,96.63333333333334,1960,720,-1,sub-03_ses-022_task-mario_level-w4l3_rep-000.bk2,
sub-03,ses-023,Level4-3,True,False,6232,103.86666666666666,2345,820,0,sub-03_ses-023_task-mario_level-w4l3_rep-000.bk2,
sub-03,ses-023,Level4-3,False,True,5193,86.55,1691,550,-1,sub-03_ses-023_task-mario_level-w4l3_rep-001.bk2,
sub-03,ses-024,Level4-3,True,False,7408,123.46666666666667,2345,920,0,sub-03_ses-024_task-mario_level-w4l3_rep-000.bk2,
sub-03,ses-025,Level4-3,False,True,5739,95.65,1492,720,-1,sub-03_ses-025_task-mario_level-w4l3_rep-000.bk2,
sub-03,ses-026,Level4-3,True,False,5227,87.11666666666666,2345,890,1,sub-03_ses-026_task-mario_level-w4l3_rep-000.bk2,
sub-03,ses-027,Level4-3,False,True,6332,105.53333333333333,1516,890,-1,sub-03_ses-027_task-mario_level-w4l3_rep-000.bk2,
sub-03,ses-028,Level4-3,False,False,4184,69.73333333333333,1652,510,0,sub-03_ses-028_task-mario_level-w4l3_rep-000.bk2,
sub-03,ses-029,Level4-3,True,False,3760,62.666666666666664,2345,630,2,sub-03_ses-029_task-mario_level-w4l3_rep-000.bk2,
sub-03,ses-029,Level4-3,True,False,2941,49.016666666666666,2345,510,2,sub-03_ses-029_task-mario_level-w4l3_rep-001.bk2,
sub-05,ses-003,Level4-3,False,True,4553,75.88333333333334,637,650,-1,sub-05_ses-003_task-mario_level-w4l3_rep-000.bk2,
sub-05,ses-003,Level4-3,False,True,4192,69.86666666666666,866,480,-1,sub-05_ses-003_task-mario_level-w4l3_rep-001.bk2,
sub-05,ses-003,Level4-3,False,True,3783,63.05,933,310,-1,sub-05_ses-003_task-mario_level-w4l3_rep-002.bk2,
sub-05,ses-003,Level4-3,False,True,2135,35.583333333333336,494,120,-1,sub-05_ses-003_task-mario_level-w4l3_rep-003.bk2,
sub-05,ses-003,Level4-3,False,True,4379,72.98333333333333,927,670,-1,sub-05_ses-003_task-mario_level-w4l3_rep-004.bk2,
sub-05,ses-003,Level4-3,False,True,4055,67.58333333333333,610,230,-1,sub-05_ses-003_task-mario_level-w4l3_rep-005.bk2,
sub-05,ses-003,Level4-3,True,False,4294,71.56666666666666,2345,600,2,sub-05_ses-003_task-mario_level-w4l3_rep-006.bk2,
sub-05,ses-003,Level4-3,False,True,5017,83.61666666666666,1201,470,-1,sub-05_ses-003_task-mario_level-w4l3_rep-007.bk2,
sub-05,ses-009,Level4-3,False,True,2311,38.516666666666666,676,140,-1,sub-05_ses-009_task-mario_level-w4l3_rep-000.bk2,
sub-05,ses-010,Level4-3,False,True,2876,47.93333333333333,664,80,-1,sub-05_ses-010_task-mario_level-w4l3_rep-000.bk2,
sub-05,ses-010,Level4-3,False,True,2125,35.416666666666664,499,120,-1,sub-05_ses-010_task-mario_level-w4l3_rep-001.bk2,
sub-05,ses-011,Level4-3,False,True,2152,35.86666666666667,630,90,-1,sub-05_ses-011_task-mario_level-w4l3_rep-000.bk2,
sub-05,ses-011,Level4-3,False,True,3188,53.13333333333333,874,270,-1,sub-05_ses-011_task-mario_level-w4l3_rep-001.bk2,
sub-05,ses-013,Level4-3,False,True,2341,39.016666666666666,673,210,-1,sub-05_ses-013_task-mario_level-w4l3_rep-000.bk2,
sub-05,ses-013,Level4-3,False,True,3964,66.06666666666666,1812,430,-1,sub-05_ses-013_task-mario_level-w4l3_rep-001.bk2,
sub-05,ses-014,Level4-3,False,False,3684,61.4,1533,350,0,sub-05_ses-014_task-mario_level-w4l3_rep-000.bk2,
sub-05,ses-014,Level4-3,True,False,4271,71.18333333333334,2345,440,1,sub-05_ses-014_task-mario_level-w4l3_rep-001.bk2,
sub-05,ses-015,Level4-3,True,False,5700,95.0,2345,700,0,sub-05_ses-015_task-mario_level-w4l3_rep-000.bk2,
sub-05,ses-016,Level4-3,False,True,3227,53.78333333333333,873,180,-1,sub-05_ses-016_task-mario_level-w4l3_rep-000.bk2,
sub-05,ses-016,Level4-3,False,True,3467,57.78333333333333,873,200,-1,sub-05_ses-016_task-mario_level-w4l3_rep-001.bk2,
sub-05,ses-017,Level4-3,False,False,3638,60.63333333333333,910,400,0,sub-05_ses-017_task-mario_level-w4l3_rep-000.bk2,
sub-05,ses-018,Level4-3,False,True,3734,62.233333333333334,925,600,-1,sub-05_ses-018_task-mario_level-w4l3_rep-000.bk2,
sub-05,ses-019,Level4-3,False,True,2630,43.833333333333336,674,240,-1,sub-05_ses-019_task-mario_level-w4l3_rep-000.bk2,
sub-05,ses-019,Level4-3,False,True,3648,60.8,934,590,-1,sub-05_ses-019_task-mario_level-w4l3_rep-001.bk2,
sub-05,ses-019,Level4-3,False,False,3554,59.233333333333334,1680,530,0,sub-05_ses-019_task-mario_level-w4l3_rep-002.bk2,
sub-05,ses-020,Level4-3,True,False,3793,63.21666666666667,2345,540,1,sub-05_ses-020_task-mario_level-w4l3_rep-000.bk2,
sub-05,ses-021,Level4-3,True,False,5438,90.63333333333334,2345,950,1,sub-05_ses-021_task-mario_level-w4l3_rep-000.bk2,
sub-05,ses-021,Level4-3,True,False,5550,92.5,2345,1000,0,sub-05_ses-021_task-mario_level-w4l3_rep-001.bk2,
sub-05,ses-022,Level4-3,True,False,3392,56.53333333333333,2345,620,2,sub-05_ses-022_task-mario_level-w4l3_rep-000.bk2,
sub-06,ses-003,Level4-3,False,True,4076,67.93333333333334,651,720,-1,sub-06_ses-003_task-mario_level-w4l3_rep-000.bk2,
sub-06,ses-003,Level4-3,False,True,4853,80.88333333333334,753,660,-1,sub-06_ses-003_task-mario_level-w4l3_rep-001.bk2,
sub-06,ses-003,Level4-3,False,True,4573,76.21666666666667,778,320,-1,sub-06_ses-003_task-mario_level-w4l3_rep-002.bk2,
sub-06,ses-003,Level4-3,False,True,4864,81.06666666666666,1389,640,-1,sub-06_ses-003_task-mario_level-w4l3_rep-003.bk2,
sub-06,ses-003,Level4-3,False,True,4825,80.41666666666667,776,440,-1,sub-06_ses-003_task-mario_level-w4l3_rep-004.bk2,
sub-06,ses-003,Level4-3,False,True,7930,132.16666666666666,1132,1690,-1,sub-06_ses-003_task-mario_level-w4l3_rep-005.bk2,
sub-06,ses-008,Level4-3,False,True,4485,74.75,923,580,-1,sub-06_ses-008_task-mario_level-w4l3_rep-000.bk2,
sub-06,ses-009,Level4-3,True,False,5031,83.85,2345,840,2,sub-06_ses-009_task-mario_level-w4l3_rep-000.bk2,
sub-06,ses-011,Level4-3,False,True,4442,74.03333333333333,1066,530,-1,sub-06_ses-011_task-mario_level-w4l3_rep-000.bk2,
sub-06,ses-011,Level4-3,True,False,4098,68.3,2345,700,2,sub-06_ses-011_task-mario_level-w4l3_rep-001.bk2,
sub-06,ses-012,Level4-3,False,True,4078,67.96666666666667,867,360,-1,sub-06_ses-012_task-mario_level-w4l3_rep-000.bk2,
sub-06,ses-013,Level4-3,False,True,3607,60.11666666666667,616,310,-1,sub-06_ses-013_task-mario_level-w4l3_rep-000.bk2,
sub-06,ses-013,Level4-3,False,True,3702,61.7,941,270,-1,sub-06_ses-013_task-mario_level-w4l3_rep-001.bk2,
sub-06,ses-015,Level4-3,True,False,4590,76.5,2345,820,2,sub-06_ses-015_task-mario_level-w4l3_rep-000.bk2,
sub-06,ses-015,Level4-3,False,True,3829,63.81666666666667,822,390,-1,sub-06_ses-015_task-mario_level-w4l3_rep-001.bk2,
sub-06,ses-016,Level4-3,False,True,3887,64.78333333333333,901,420,-1,sub-06_ses-016_task-mario_level-w4l3_rep-000.bk2,
sub-06,ses-017,Level4-3,False,True,2996,49.93333333333333,679,350,-1,sub-06_ses-017_task-mario_level-w4l3_rep-000.bk2,
sub-06,ses-017,Level4-3,False,True,4288,71.46666666666667,1683,700,-1,sub-06_ses-017_task-mario_level-w4l3_rep-001.bk2,
sub-06,ses-019,Level4-3,True,False,4301,71.68333333333334,2345,960,1,sub-06_ses-019_task-mario_level-w4l3_rep-000.bk2,
sub-06,ses-020,Level4-3,False,True,4058,67.63333333333334,913,420,-1,sub-06_ses-020_task-mario_level-w4l3_rep-000.bk2,
sub-06,ses-022,Level4-3,True,False,3587,59.78333333333333,2345,800,2,sub-06_ses-022_task-mario_level-w4l3_rep-000.bk2,
sub-06,ses-022,Level4-3,False,True,2530,42.166666666666664,514,90,-1,sub-06_ses-022_task-mario_level-w4l3_rep-001.bk2,
sub-06,ses-023,Level4-3,False,True,3706,61.766666666666666,702,350,-1,sub-06_ses-023_task-mario_level-w4l3_rep-000.bk2,
sub-06,ses-024,Level4-3,False,True,3756,62.6,948,520,-1,sub-06_ses-024_task-mario_level-w4l3_rep-000.bk2,
sub-06,ses-024,Level4-3,False,True,4403,73.38333333333334,792,540,-1,sub-06_ses-024_task-mario_level-w4l3_rep-001.bk2,
sub-06,ses-025,Level4-3,True,False,4125,68.75,2345,790,2,sub-06_ses-025_task-mario_level-w4l3_rep-000.bk2,
